,School Name,Spent Per Student,Student enrollment,Amount needed to reach 100% Fair Student Funding,Percent of Fair Student Funding
0,47 The American Sign Language and English Secondary School,"$29,476",199,N/A,
1,A. Philip Randolph Campus High School,"$20,440",1365,"$1,514,887",90%
2,A.C.E. Academy for Scholars at the Geraldine Ferraro Campus,"$19,736",523,$0,100%
3,Abraham Lincoln High School,"$20,884",1840,"$2,127,340",90%
4,Abraham Lincoln YABC,"$12,248",212,N/A,
5,Academy for Careers in Television and Film,"$20,087",562,"$637,713",90%
6,Academy for College Preparation and Career Exploration: A College Board School,"$21,215",420,"$470,454",90%
7,Academy for Conservation and the Environment,"$22,836",282,"$283,692",92%
8,Academy for Environmental Leadership,"$29,578",246,$0,100%
9,Academy for Health Careers,"$23,657",336,$0,100%
10,Academy for Language and Technology,"$22,234",318,"$427,573",90%
11,Academy for New Americans,"$30,452",100,"$131,686",90%
12,Academy for Personal Leadership and Excellence,"$30,354",591,$0,100%
13,Academy for Scholarship and Entrepreneurship: A College Board School,"$25,718",359,"$452,457",90%
14,Academy for Software Engineering,"$22,159",447,$0,100%
15,Academy for Young Writers,"$23,774",514,$0,100%
16,Academy of American Studies,"$16,951",970,"$775,434",91%
17,Academy of Applied Mathematics and Technology,"$23,903",302,"$372,342",90%
18,Academy of Arts and Letters,"$19,781",526,"$525,824",90%
19,Academy of Finance and Enterprise,"$18,274",639,"$646,544",90%
20,Academy of Hospitality and Tourism,"$25,447",222,"$266,811",90%
21,Academy of Innovative Technology,"$23,406",415,"$525,252",90%
22,Academy of Medical Technology: A College Board School,"$20,580",655,"$769,179",90%
23,Academy of Public Relations,"$28,655",255,"$342,305",90%
24,Accion Academy,"$30,691",268,$1,100%
25,Acorn Community High School,"$31,684",145,"$191,955",90%
26,Albert Shanker School for Visual and Performing Arts,"$20,888",705,"$801,403",90%
27,Alfred E. Smith Campus YABC,"$11,029",253,N/A,
28,Alfred E. Smith Career and Technical Education High School,"$27,337",454,"$650,887",90%
29,All City Leadership Secondary School,"$17,677",447,"$382,913",91%
30,Amistad Dual Language School,"$21,900",391,"$423,143",90%
31,Ampark Neighborhood,"$21,565",352,"$318,366",91%
32,Andries Hudde,"$22,830",717,"$848,751",90%
33,Antonia Pantoja Preparatory Academy: A College Board School,"$24,662",413,"$528,380",90%
34,Archer Elementary School,"$25,797",479,"$110,850",98%
35,"Archimedes Academy for Math, Science and Technology Applications","$22,582",674,"$779,092",90%
36,Art and Design High School,"$21,274",1446,"$282,970",98%
37,Arturo A. Schomburg Satellite Academy Bronx,"$23,937",182,"$245,044",90%
38,Aspirations Diploma Plus High School,"$28,460",284,"$354,954",92%
39,Astor Collegiate Academy,"$21,469",457,"$536,743",90%
40,August Martin High School,"$32,665",294,$0,100%
41,Automotive High School,"$52,241",202,$0,100%
42,Automotive High School YABC,"$12,467",202,N/A,
43,Aviation Career & Technical Education High School,"$20,573",2055,"$2,455,352",90%
44,Baccalaureate School for Global Education,"$18,975",533,$0,120%
45,"Ballet Tech, NYC Public School for Dance","$22,622",136,$0,101%
46,Bard High School Early College,"$19,170",608,"$447,633",93%
47,Bard High School Early College Queens,"$18,140",621,"$394,988",94%
48,Baruch College Campus High School,"$18,681",474,"$304,614",94%
49,Battery Park City School,"$21,094",796,"$560,503",93%
50,Baychester Academy,"$25,204",360,"$196,451",94%
51,Baychester Middle School,"$23,025",276,"$57,458",98%
52,Bayside High School,"$19,545",2973,"$3,302,414",90%
53,Beacon High School,"$16,068",1423,"$1,208,120",90%
54,Bedford Academy High School,"$20,487",359,$0,104%
55,Bedford Park Elementary School,"$20,561",390,$0,100%
56,Bell Academy,"$21,524",370,"$206,833",95%
57,Belmont Preparatory High School,"$23,208",400,$0,107%
58,Benjamin Banneker Academy,"$19,045",825,"$474,072",94%
59,Benjamin Franklin High School for Finance & Information Technology,"$22,405",408,$0,100%
60,Benjamin N. Cardozo High School,"$16,890",3659,"$3,613,746",90%
61,Blueprint Middle School,"$26,290",545,$0,100%
62,Boys and Girls High School,"$32,186",420,$0,100%
63,Boys and Girls YABC,"$13,053",192,N/A,
64,Brighter Choice Community School,"$22,459",262,"$141,186",94%
65,A.C.E. Academy for Scholars at the Geraldine Ferraro Campus,"$19,736",523,$0,100%
66,Bronx Academy of Health Careers,"$23,107",381,"$485,316",90%
67,Bronx Aerospace High School,"$27,990",308,"$196,517",95%
68,Bronx Alliance Middle School,"$22,996",329,$0,100%
69,Bronx Arena High School,"$25,333",184,"$95,363",96%
70,Bronx Bridges High School,"$25,237",347,$0,101%
71,Bronx Career and College Preparatory High School,"$27,890",220,$0,100%
72,Bronx Center for Science and Mathematics,"$20,951",472,"$526,794",90%
73,Bronx Collaborative High School,"$22,421",578,$0,100%
74,Bronx Collegiate Academy,"$26,498",386,$0,100%
75,Bronx Community High School,"$29,496",148,"$213,945",90%
76,Bronx Compass High School,"$23,122",424,$0,100%
77,Bronx Dance Academy School,"$21,868",270,"$312,094",90%
78,Bronx Delta School,"$24,111",314,$0,100%
79,Bronx Design and Construction Academy,"$27,414",462,$0,100%
80,Bronx Early College Academy for Teaching & Learning,"$22,733",505,$0,100%
81,Bronx Engineering and Technology Academy,"$24,246",391,"$505,070",90%
82,Bronx Envision Academy,"$23,222",426,"$6,117",100%
83,Bronx Green Middle School,"$22,908",392,"$495,930",90%
84,Bronx Haven High School,"$25,885",177,"$194,669",93%
85,Bronx Health Sciences High School,"$21,593",301,"$325,239",90%
86,Bronx High School for Law and Community Service,"$23,999",398,"$394,664",92%
87,Bronx High School for Medical Science,"$23,763",444,$0,126%
88,Bronx High School for the Visual Arts,"$26,611",410,"$603,219",90%
89,Bronx High School for Writing and Communication Arts,"$22,310",333,"$407,403",90%
90,Bronx High School of Business,"$32,386",286,$0,115%
91,Bronx High School of Science,"$16,114",3004,"$2,955,491",90%
92,Bronx International High School,"$25,276",394,"$521,494",90%
93,Bronx Lab School,"$25,618",379,"$537,608",90%
94,Bronx Latin,"$22,187",635,"$773,315",90%
95,Bronx Leadership Academy High School,"$23,545",556,"$712,849",90%
96,Bronx Leadership Academy II High School,"$24,735",522,"$722,231",90%
97,Bronx Little School,"$26,003",263,"$63,968",98%
98,Bronx Park Middle School,"$24,128",401,$0,100%
99,Bronx Regional High School,"$26,138",216,"$300,449",90%
100,Bronx River High School,"$23,198",437,$0,100%
101,"Bronx School for Law, Government and Justice","$21,786",755,"$168,582",98%
102,Bronx School of Law and Finance,"$24,620",386,"$490,903",90%
103,Bronx Studio School for Writers and Artists,"$24,733",660,$0,100%
104,Bronx Theatre High School,"$22,478",376,"$395,769",92%
105,Bronx Writing Academy,"$25,831",424,"$579,728",90%
106,Bronxdale High School,"$26,313",465,$0,100%
107,Brooklyn Academy High School,"$28,166",233,$0,100%
108,Brooklyn Academy of Science and the Environment,"$22,042",357,"$394,298",90%
109,Brooklyn Arbor Elementary School,"$20,744",560,$0,100%
110,Brooklyn Arts and Science Elementary School,"$24,707",354,$0,100%
111,Brooklyn Bridge Academy,"$25,364",183,"$268,406",90%
112,Brooklyn Brownstone School,"$20,283",254,"$218,498",90%
113,Brooklyn College Academy,"$17,510",630,"$408,764",93%
114,Brooklyn Collegiate: A College Board School,"$29,374",232,$0,100%
115,47 The American Sign Language and English Secondary School,"$29,476",199,N/A,
116,Brooklyn Democracy Academy,"$24,667",211,"$283,758",91%
117,47 The American Sign Language and English Secondary School,"$29,476",199,N/A,
118,Brooklyn Frontiers High School,"$31,217",169,"$32,891",99%
119,Brooklyn Gardens Elementary School,"$24,526",295,$0,100%
120,Brooklyn Generation School,"$32,833",176,$0,100%
121,Brooklyn High School for Law and Technology,"$21,086",540,"$621,060",90%
122,Brooklyn High School for Leadership and Community Service,"$25,355",190,"$291,016",90%
123,Brooklyn High School of the Arts,"$21,526",866,$0,110%
124,Brooklyn Institute for Liberal Arts,"$19,865",418,$0,100%
125,Brooklyn International High School,"$22,323",353,"$453,776",90%
126,Brooklyn Lab School,"$24,458",395,$0,100%
127,Brooklyn Landmark Elementary School,"$22,593",326,$0,100%
128,"Brooklyn Latin School, The","$18,193",616,$0,100%
129,Brooklyn Preparatory High School,"$20,611",505,"$552,110",90%
130,Brooklyn School for Music & Theatre,"$23,089",278,"$324,609",90%
131,Brooklyn School of Inquiry,"$17,218",516,"$246,185",95%
132,Brooklyn Science and Engineering Academy,"$25,471",290,$0,100%
133,Brooklyn Secondary School for Collaborative Studies,"$24,289",676,"$639,997",93%
134,Brooklyn Studio Secondary School,"$20,836",919,"$1,080,527",90%
135,Brooklyn Technical High School,"$16,405",5970,"$5,879,667",90%
136,Brooklyn Theatre Arts High School,"$20,373",350,"$382,035",90%
137,Brownsville Academy High School,"$33,645",93,$0,100%
138,Brownsville Collaborative Middle School,"$23,315",314,$0,100%
139,Bushwick Community High School,"$26,196",251,"$375,342",90%
140,Bushwick Leaders High School for Academic Excellence,"$27,414",275,"$402,580",90%
141,Business of Sports School,"$23,995",415,"$342,482",94%
142,Business Technology Early College High School,"$20,455",425,$0,100%
143,C Columbus HS YABC,"$15,732",138,N/A,
144,Cambria Heights Academy,"$21,475",346,$0,101%
145,Careers in Sports High School,"$23,452",475,"$198,107",97%
146,Cascades High School,"$22,021",223,"$278,016",90%
147,Castle Bridge School,"$30,808",198,$0,100%
148,Catherine & Count Basie Middle School 72,"$28,931",353,"$464,420",90%
149,"Celia Cruz Bronx High School of Music, The","$24,366",428,"$626,832",90%
150,Central Park East High School,"$21,264",500,"$472,878",91%
151,Central Park East I,"$25,989",160,"$29,608",98%
152,Central Park East II,"$23,908",454,$0,100%
153,Channel View School for Research,"$22,936",953,"$919,518",90%
154,Chelsea Career and Technical Education High School,"$25,178",431,"$549,962",90%
155,Christopher Avenue Community School,"$25,932",245,"$52,157",98%
156,City College Academy of the Arts,"$19,521",593,"$625,108",90%
157,City Knoll Middle School,"$24,178",236,$0,100%
158,"City Polytechnic High School of Engineering, Architecture, and Technology","$21,419",427,"$509,259",90%
159,Civic Leadership Academy,"$19,970",553,"$599,324",90%
160,Clara Barton High School,"$23,977",1176,"$1,520,843",90%
161,Claremont International HS,"$22,401",371,$0,100%
162,Cobble Hill School of American Studies,"$23,745",552,"$640,697",90%
163,Collaborative Arts Middle School,"$24,396",307,"$71,329",98%
164,Collegiate Institute for Math and Science,"$19,326",607,"$619,953",90%
165,Columbia Secondary School,"$19,327",722,"$595,738",92%
166,Community Action School - MS 258,"$24,276",245,"$287,295",90%
167,Community Health Academy of the Heights,"$21,182",688,"$839,373",90%
168,Community Math & Science Prep,"$32,086",220,"$305,512",91%
169,Community School for Social Justice,"$23,854",322,"$426,933",90%
170,Community Voices Middle School,"$24,027",301,"$78,479",98%
171,Comprehensive Model School Project M.S. 327,"$20,971",717,"$781,716",90%
172,Concord High School,"$26,815",168,"$23,569",99%
173,Concourse Village Elementary School,"$23,696",361,$0,100%
174,Conselyea Preparatory School,"$20,694",487,"$525,955",90%
175,Cornerstone Academy for Social Action,"$26,248",343,"$366,267",90%
176,47 The American Sign Language and English Secondary School,"$29,476",199,N/A,
177,Corona Arts & Sciences Academy,"$21,427",774,$0,100%
178,Creston Academy,"$24,747",454,"$266,437",96%
179,Crotona International High School,"$24,461",328,"$74,479",98%
180,CSI High School for International Studies,"$20,303",497,"$419,441",91%
181,Cultural Academy for the Arts and Sciences,"$23,361",318,"$288,523",92%
182,Curtis High School,"$19,782",2590,"$2,967,876",90%
183,Cynthia Jenkins School,"$23,598",358,"$375,094",90%
184,Cypress Hills Collegiate Preparatory School,"$26,600",270,$0,100%
185,Dewitt Clinton Campus YABC,"$16,342",125,N/A,
186,Dewitt Clinton High School,"$26,214",1011,$0,100%
187,Digital Arts and Cinema Technology High School,"$25,997",243,"$275,799",90%
188,Discovery High School,"$24,341",417,"$567,283",90%
189,Dock Street School for STEAM Studies,"$24,936",262,"$185,147",93%
190,Dos Puentes Elementary School,"$23,443",416,$0,100%
191,Downtown Brooklyn YABC,"$12,305",225,N/A,
192,Dr. Jacqueline Peek-Davis School,"$26,606",275,$0,106%
193,Dr. Susan S. McKinney Secondary School of the Arts,"$26,901",349,"$474,099",90%
194,Dreamyard Preparatory School,"$25,732",259,$0,100%
195,E.S.M.T- I.S. 190,"$24,759",236,"$285,591",90%
196,Eagle Academy for Young Men,"$22,710",513,"$616,720",90%
197,Eagle Academy for Young Men II,"$20,929",646,"$620,330",92%
198,Eagle Academy for Young Men III,"$21,302",575,"$37,152",99%
199,Eagle Academy for Young Men of Harlem,"$22,985",392,$0,100%
200,Earth School,"$23,122",340,"$375,090",90%
201,East Bronx Academy for the Future,"$24,638",677,$0,100%
202,East Brooklyn Community High School,"$28,541",194,$0,100%
203,East Elmhurst Community School,"$21,822",440,$0,100%
204,East Flatbush Community Research School,"$28,830",227,$0,100%
205,East Fordham Academy for the Arts,"$25,545",291,"$327,125",91%
206,East New York Elementary School of Excellence,"$24,120",509,"$391,197",93%
207,East New York Family Academy,"$22,842",501,"$258,178",96%
208,East New York Middle School of Excellence,"$25,333",271,"$193,550",95%
209,East Side Community School,"$21,194",680,"$787,437",90%
210,"East Side Elementary School, PS 267","$20,550",419,$0,101%
211,East Side Middle School,"$19,315",447,"$469,782",90%
212,East Williamsburg Scholars Academy,"$26,685",263,"$358,585",90%
213,East-West School of International Studies,"$23,501",647,"$610,072",90%
214,Ebbets Field Middle School,"$34,814",152,$2,100%
215,EBC High School for Public Service - Bushwick,"$23,747",487,"$623,087",90%
216,Edward A. Reynolds West Side High School,"$25,985",472,"$293,700",96%
217,Edward R. Murrow High School,"$19,890",3667,"$3,866,453",90%
218,El Puente Academy for Peace and Justice,"$26,312",217,$0,103%
219,Eleanor Roosevelt High School,"$19,278",542,$0,107%
220,"Elementary School for Math, Science, and Technology","$23,118",256,"$186,613",93%
221,Elijah Stroud Middle School,"$29,023",146,"$200,294",90%
222,Ella Baker School,"$24,327",273,$0,110%
223,Elm Tree Elementary School,"$21,129",449,$0,100%
224,Emma Lazarus High School,"$22,745",300,"$413,005",90%
225,Emolior Academy,"$25,009",260,"$348,829",90%
226,Energy Tech High School,"$21,067",549,$0,100%
227,47 The American Sign Language and English Secondary School,"$29,476",199,N/A,
228,Epic High School - North,"$20,017",405,$0,100%
229,Epic High School - South,"$21,055",399,$5,100%
230,Erasmus YABC,"$12,351",210,N/A,
231,Esperanza Preparatory Academy,"$27,581",548,"$163,263",98%
232,Essex Street Academy,"$22,838",327,"$327,809",92%
233,Evergreen Middle School for Urban Exploration,"$24,978",345,$0,100%
234,Excelsior Preparatory High School,"$19,737",456,"$515,215",90%
235,Eximius College Preparatory Academy: A College Board School,"$22,174",419,"$515,558",90%
236,Expeditionary Learning School for Community Leaders,"$22,446",359,"$363,436",92%
237,Explorations Academy H.S.,"$23,173",324,"$418,651",90%
238,"Facing History School, The","$24,462",352,"$417,116",91%
239,Fairmont Neighborhood School,"$28,861",293,$0,100%
240,Fannie Lou Hamer Freedom High School,"$24,853",449,"$587,014",90%
241,Fannie Lou Hamer Middle School,"$27,038",286,$0,100%
242,FDNY - Captain Vernon A. Richard High School for Fire and Life Safety,"$24,006",296,"$386,648",90%
243,Fiorello H. LaGuardia High School of Music & Art and Performing Arts,"$17,444",2808,"$2,589,091",91%
244,Flushing High School,"$23,849",1538,$0,100%
245,Flushing International High School,"$21,375",429,"$545,837",90%
246,Flushing YABC,"$11,108",280,N/A,
247,Food and Finance High School,"$23,258",368,"$487,357",90%
248,Fordham High School for the Arts,"$23,842",355,$0,100%
249,Fordham Leadership Academy,"$28,289",335,$0,103%
250,Forest Hills High School,"$18,281",3628,"$3,808,745",90%
251,Forsyth Satellite Academy,"$24,844",194,"$315,742",90%
252,Fort Greene Preparatory Academy,"$29,737",184,"$43,404",98%
253,Fort Hamilton High School,"$18,699",4642,"$4,911,572",90%
254,Fort Hill Collaborative Elementary School,"$28,952",179,$0,100%
255,Francis Lewis High School,"$18,133",4510,"$4,543,683",90%
256,Frank McCourt High School,"$18,570",418,$0,102%
257,Frank Sinatra School of the Arts High School,"$19,928",834,"$1,064,838",90%
258,Franklin Delano Roosevelt High School,"$21,366",2935,"$3,393,385",90%
259,Franklin Delano Roosevelt YABC,"$12,109",223,N/A,
260,Franklin K. Lane Campus YABC,"$12,692",211,N/A,
261,Frederick Douglass Academy,"$19,401",1349,"$840,660",94%
262,Frederick Douglass Academy II Secondary School,"$23,455",347,"$451,344",90%
263,Frederick Douglass Academy III Secondary School,"$22,672",414,"$532,764",90%
264,Frederick Douglass Academy V. Middle School,"$25,631",210,"$275,463",90%
265,Frederick Douglass Academy VI High School,"$25,803",334,"$416,434",90%
266,Frederick Douglass Academy VII High School,"$30,861",134,"$182,368",90%
267,Frederick Douglass Academy VIII Middle School,"$21,842",346,"$200,322",95%
268,Gaynor McCown Expeditionary Learning School,"$22,792",436,"$472,607",90%
269,George Washington Carver High School for the Sciences,"$22,146",431,"$471,627",90%
270,George Washington YABC,"$12,152",221,N/A,
271,George Westinghouse Career and Technical Education High School,"$23,712",802,"$257,981",97%
272,Goldie Maple Academy,"$21,121",363,"$328,650",90%
273,Gotham Collaborative High School,"$27,245",511,"$410,209",94%
274,Gotham Professional Arts Academy,"$29,686",146,"$206,508",90%
275,Gramercy Arts High School,"$20,064",456,"$404,055",92%
276,Grant Avenue Elementary School,"$25,577",415,"$314,998",94%
277,Gregorio Luperon High School for Science and Mathematics,"$21,216",521,"$660,701",90%
278,Grover Cleveland High School,"$21,416",1693,"$1,975,274",90%
279,"H.E.R.O. High (Health, Education, and Research Occupations High School)","$24,192",476,$0,100%
280,Hamilton Grange Middle School,"$23,526",300,$0,100%
281,Hamilton Heights School,"$30,507",132,"$141,253",90%
282,Harbor Heights,"$27,713",123,"$174,279",90%
283,Harlem Renaissance High School,"$29,986",211,"$316,543",90%
284,Harry S Truman High School,"$21,312",1968,"$2,316,759",90%
285,Harvest Collegiate High School,"$22,656",478,$0,100%
286,Harvey Milk High School,"$41,191",63,$0,107%
287,Hawtree Creek Middle School,"$21,145",362,$0,100%
288,Health Opportunities High School,"$22,929",484,"$613,353",90%
289,Herbert H. Lehman High School,"$30,442",654,$0,100%
290,Herbert H. Lehman YABC,"$11,563",253,N/A,
291,"Heritage School, The","$23,148",281,"$360,305",90%
292,High School for Arts and Business,"$19,981",793,"$856,734",90%
293,High School for Civil Rights,"$27,242",206,"$285,935",90%
294,High School for Community Leadership,"$20,096",473,$0,102%
295,"High School for Construction Trades, Engineering and Architecture","$19,819",1038,"$845,821",93%
296,High School for Contemporary Arts,"$23,413",433,"$539,874",90%
297,High School for Dual Language and Asian Studies,"$19,714",394,$0,112%
298,High School for Energy and Technology,"$24,156",405,$0,100%
299,High School for Environmental Studies,"$19,374",1135,"$1,245,021",90%
300,High School for Excellence and Innovation,"$30,643",170,$3,100%
301,High School for Health Careers and Sciences,"$27,216",445,$0,100%
302,High School for Health Professions and Human Services,"$18,158",1817,"$1,847,858",90%
303,High School for Innovation in Advertising and Media,"$26,338",230,"$268,824",91%
304,High School for Law and Public Service,"$25,711",486,"$656,029",90%
305,High School for Law Enforcement and Public Safety,"$21,743",462,"$564,402",90%
306,"High School for Law, Advocacy and Community Justice","$23,503",432,$0,106%
307,"High School for Mathematics, Science and Engineering at City College","$21,253",512,$0,121%
308,High School for Media and Communications,"$25,119",392,$0,100%
309,High School for Medical Professions,"$21,504",413,"$442,445",90%
310,High School for Public Service: Heroes of Tomorrow,"$21,968",437,"$424,914",90%
311,High School for Service & Learning at Erasmus,"$22,924",327,"$376,776",90%
312,High School for Teaching and the Professions,"$27,054",403,$0,100%
313,High School for Violin and Dance,"$25,030",230,"$321,633",90%
314,High School for Youth and Community Development at Erasmus,"$22,826",484,"$590,412",90%
315,High School M560 - City As School,"$23,521",551,$0,106%
316,High School of American Studies at Lehman College,"$19,810",409,$0,114%
317,High School of Applied Communication,"$20,242",414,"$465,027",90%
318,High School of Arts and Technology,"$24,342",458,"$566,645",90%
319,High School of Computers and Technology,"$22,944",570,"$786,044",90%
320,High School of Economics and Finance,"$20,426",719,"$798,514",90%
321,High School of Hospitality Management,"$22,224",374,"$436,683",90%
322,High School of Language and Innovation,"$25,503",372,"$77,556",98%
323,High School of Sports Management,"$25,083",218,"$276,664",90%
324,High School of Telecommunication Arts and Technology,"$22,404",1273,"$1,369,634",90%
325,High School of World Cultures,"$22,675",433,"$566,447",90%
326,Highland Park Community School,"$21,857",341,$0,100%
327,Hillcrest High School,"$19,015",3219,"$3,485,625",90%
328,Hillside Arts & Letters Academy,"$22,215",428,$0,100%
329,Home Instruction,"$184,540",280,N/A,
330,Hospital Schools,"$121,382",133,N/A,
331,Hostos-Lincoln Academy of Science,"$22,266",506,"$566,317",90%
332,HS Arts & Business YABC,"$12,030",239,N/A,
333,Hudson High School of Learning Technologies,"$23,660",461,$0,100%
334,Humanities & Arts Magnet High School,"$21,294",421,"$231,021",95%
335,Humanities Preparatory Academy,"$23,372",233,$0,104%
336,Hunters Point Community Middle School,"$21,522",429,$0,100%
337,I. S. 381,"$26,370",214,$0,106%
338,I.S. 007 Elias Bernstein,"$20,573",1171,"$1,250,379",90%
339,I.S. 010 Horace Greeley,"$21,600",768,"$910,068",90%
340,I.S. 024 Myra S. Barnes,"$24,768",1323,"$1,485,286",90%
341,I.S. 025 Adrien Block,"$18,826",1076,"$1,024,183",91%
342,I.S. 027 Anning S. Prall,"$22,453",1009,"$1,212,134",90%
343,I.S. 034 Tottenville,"$22,258",1065,"$1,296,006",90%
344,I.S. 051 Edwin Markham,"$23,152",1303,"$1,685,229",90%
345,I.S. 059 Springfield Gardens,"$21,943",575,"$655,005",90%
346,I.S. 061 Leonardo Da Vinci,"$21,827",2277,"$2,967,191",90%
347,I.S. 061 William A Morris,"$23,919",977,"$1,276,550",90%
348,I.S. 068 Isaac Bildersee,"$30,417",284,"$389,328",90%
349,I.S. 072 Rocco Laurie,"$22,924",1500,"$1,569,737",90%
350,I.S. 075 Frank D. Paulo,"$25,128",1380,"$1,433,219",91%
351,I.S. 077,"$23,421",992,"$1,291,270",90%
352,I.S. 093 Ridgewood,"$21,919",1110,"$1,360,841",90%
353,I.S. 096 Seth Low,"$28,071",795,$0,100%
354,I.S. 117 Joseph H. Wade,"$30,638",498,$0,100%
355,I.S. 119 The Glendale,"$17,670",1299,"$1,216,251",90%
356,I.S. 125 Thom J. McCann Woodside,"$19,969",1510,"$1,697,684",90%
357,I.S. 136 Charles O. Dewey,"$26,625",480,"$578,579",91%
358,I.S. 141 The Steinway,"$18,702",1150,"$1,192,632",90%
359,I.S. 145 Joseph Pulitzer,"$20,913",1652,"$1,934,461",90%
360,I.S. 171 Abraham Lincoln,"$24,525",437,"$547,916",90%
361,I.S. 181 Pablo Casals,"$21,809",898,"$869,540",92%
362,I.S. 192 The Linden,"$22,361",519,"$606,622",90%
363,I.S. 204 Oliver W. Holmes,"$25,071",490,"$604,640",90%
364,I.S. 206 Ann Mersereau,"$27,591",232,"$312,334",90%
365,I.S. 211 John Wilson,"$26,070",481,"$599,549",90%
366,I.S. 219 New Venture School,"$30,663",374,$0,100%
367,I.S. 227 Louis Armstrong,"$19,766",1571,"$1,592,648",90%
368,I.S. 228 David A. Boody,"$20,498",1359,"$1,495,510",90%
369,I.S. 229 Roland Patterson,"$34,297",261,$0,133%
370,I.S. 230,"$19,782",1291,"$1,411,549",90%
371,I.S. 232,"$23,824",494,"$681,095",90%
372,I.S. 237,"$20,225",1381,"$1,517,720",90%
373,I.S. 238 - Susan B. Anthony Academy,"$21,032",1282,"$1,461,933",90%
374,I.S. 250 The Robert F. Kennedy Community Middle School,"$22,380",380,"$453,266",90%
375,I.S. 254,"$24,587",501,"$692,358",90%
376,I.S. 281 Joseph B Cavallaro,"$20,921",1343,"$1,580,753",90%
377,I.S. 285 Meyer Levin,"$22,616",697,"$820,631",90%
378,I.S. 289,"$20,075",287,"$305,127",90%
379,I.S. 303 Herbert S. Eisenberg,"$21,634",536,"$608,532",90%
380,I.S. 313 School of Leadership Development,"$32,232",331,$0,100%
381,I.S. 318 Eugenio Maria De Hostos,"$21,205",1191,"$1,287,070",90%
382,I.S. 339,"$29,272",543,$0,100%
383,I.S. 340,"$23,203",204,"$215,500",90%
384,I.S. 347 School of Humanities,"$27,695",306,"$368,297",91%
385,"I.S. 349 Math, Science & Tech.","$26,233",349,$0,100%
386,I.S. 364 Gateway,"$22,527",360,"$430,873",90%
387,I.S. 392,"$22,781",296,"$308,901",90%
388,I.S. 49 Berta A. Dreyfus,"$28,141",517,"$750,668",90%
389,I.S. 5 - The Walter Crowley Intermediate School,"$20,144",1771,"$2,032,087",90%
390,I.S. 528 Bea Fuller Rodgers School,"$25,281",243,$0,100%
391,I.S. 584,"$28,067",265,$0,100%
392,I.S. 73 - The Frank Sansivieri Intermediate School,"$20,289",1906,"$2,219,288",90%
393,I.S. 98 Bay Academy,"$17,012",1527,"$1,435,477",90%
394,I.S. R002 George L. Egbert,"$21,101",1079,"$1,226,134",90%
395,I.S. X303 Leadership & Community Service,"$27,415",300,"$427,506",90%
396,"I.S. X318 Math, Science & Technology Through Arts","$26,794",229,"$317,450",90%
397,In-Tech Academy (M.S. / High School 368),"$21,317",1041,"$1,214,617",90%
398,Independence High School,"$23,568",320,"$461,792",90%
399,Information Technology High School,"$21,079",1013,"$1,175,907",90%
400,Innovation Diploma Plus,"$22,670",188,"$160,585",93%
401,Institute for Collaborative Education,"$16,538",487,"$437,183",90%
402,Institute for Health Professions at Cambria Heights,"$21,925",416,$5,100%
403,International Community High School,"$22,859",430,"$575,086",90%
404,International High School at Lafayette,"$24,011",288,"$395,808",90%
405,International High School at LaGuardia Community College,"$20,594",499,"$622,020",90%
406,International High School at Prospect Heights,"$22,330",391,"$522,159",90%
407,International High School at Union Square,"$22,767",364,"$116,069",98%
408,International High School for Health Sciences,"$22,528",295,$0,100%
409,International School for Liberal Arts,"$24,315",501,"$695,999",90%
410,Inwood Early College for Health and Information Technologies,"$23,922",415,$0,100%
411,Irwin Altman Middle School 172,"$19,967",950,"$1,026,243",90%
412,Isaac Newton Middle School for Math & Science,"$25,918",218,"$296,332",90%
413,It Takes a Village Academy,"$21,326",722,"$518,143",94%
414,J. M. Rapport School Career Development,"$50,825",471,N/A,
415,J.H.S. 008 Richard S. Grossley,"$26,508",352,$0,100%
416,J.H.S. 014 Shell Bank,"$28,375",521,"$679,166",90%
417,J.H.S. 022 Jordan L. Mott,"$29,017",451,$0,100%
418,J.H.S. 050 John D. Wells,"$27,382",324,$0,100%
419,J.H.S. 052 Inwood,"$33,130",217,"$334,952",90%
420,J.H.S. 054 Booker T. Washington,"$18,871",808,"$785,581",90%
421,J.H.S. 057 Whitelaw Reid,"$31,929",164,"$217,520",90%
422,J.H.S. 062 Ditmas,"$21,878",1213,"$1,441,632",90%
423,J.H.S. 067 Louis Pasteur,"$17,538",892,"$776,429",91%
424,J.H.S. 074 Nathaniel Hawthorne,"$19,660",1166,"$736,372",94%
425,J.H.S. 078 Roy H. Mann,"$24,814",551,"$649,469",90%
426,J.H.S. 080 The Mosholu Parkway,"$23,998",727,$0,100%
427,J.H.S. 088 Peter Rouget,"$22,137",1401,"$1,717,885",90%
428,J.H.S. 098 Herman Ridder,"$26,126",284,"$369,311",90%
429,J.H.S. 104 Simon Baruch,"$18,847",1119,"$1,148,488",90%
430,J.H.S. 118 William W. Niles,"$21,928",1130,"$1,344,706",90%
431,J.H.S. 123 James M. Kieran,"$28,935",401,$0,100%
432,J.H.S. 127 The Castle Hill,"$21,975",824,"$977,695",90%
433,J.H.S. 131 Albert Einstein,"$25,564",469,"$639,293",90%
434,J.H.S. 143 Eleanor Roosevelt,"$35,724",224,"$376,915",90%
435,J.H.S. 144 Michelangelo,"$25,780",472,"$594,179",90%
436,J.H.S. 151 Lou Gehrig,"$26,865",256,"$367,087",90%
437,J.H.S. 157 Stephen A. Halsey,"$18,590",1673,"$1,768,257",90%
438,J.H.S. 162 The Willoughby,"$27,310",282,"$373,026",90%
439,J.H.S. 167 Robert F. Wagner,"$18,531",1308,"$1,344,084",90%
440,J.H.S. 185 Edward Bleeker,"$19,325",1489,"$1,626,017",90%
441,J.H.S. 189 Daniel Carter Beard,"$20,754",783,"$903,013",90%
442,J.H.S. 190 Russell Sage,"$18,302",1102,"$1,162,481",90%
443,J.H.S. 194 William Carr,"$18,664",1260,"$1,359,906",90%
444,J.H.S. 201 The Dyker Heights,"$18,919",1597,"$1,660,790",90%
445,J.H.S. 202 Robert H. Goddard,"$19,515",1105,"$1,205,864",90%
446,J.H.S. 210 Elizabeth Blackwell,"$20,151",1888,"$2,138,084",90%
447,J.H.S. 216 George J. Ryan,"$17,994",1498,"$1,537,877",90%
448,J.H.S. 217 Robert A. Van Wyck,"$19,924",1644,"$1,905,800",90%
449,J.H.S. 218 James P. Sinnott,"$24,647",470,"$615,516",90%
450,J.H.S. 220 John J. Pershing,"$20,681",1517,"$1,848,607",90%
451,J.H.S. 223 The Montauk,"$22,217",882,"$738,728",93%
452,J.H.S. 226 Virgil I. Grissom,"$21,092",864,"$992,217",90%
453,J.H.S. 227 Edward B. Shallow,"$20,199",1634,"$1,887,264",90%
454,J.H.S. 234 Arthur W. Cunningham,"$20,078",1772,"$1,926,446",90%
455,J.H.S. 259 William McKinley,"$18,505",1943,"$2,007,023",90%
456,J.H.S. 278 Marine Park,"$22,891",1215,"$1,248,456",90%
457,J.H.S. 291 Roland Hayes,"$29,670",280,$0,100%
458,J.H.S. 292 Margaret S. Douglas,"$24,487",544,"$691,367",90%
459,J.H.S. 383 Philippa Schuyler,"$20,850",812,"$609,856",93%
460,Jacqueline Kennedy Onassis High School,"$21,872",479,"$560,868",90%
461,Jamaica Children's School,"$23,368",200,$2,100%
462,Jamaica Gateway to the Sciences,"$19,578",498,"$78,308",99%
463,"James Baldwin School, The: A School for Expeditionary Learning","$24,582",252,"$393,778",90%
464,James Madison High School,"$18,613",3878,"$4,074,426",90%
465,James Weldon Johnson,"$22,814",754,"$893,739",90%
466,Jean Nuzzi Intermediate School,"$19,140",1159,"$1,225,020",90%
467,Jill Chaifetz Transfer High School,"$24,792",216,$0,100%
468,John Adams High School,"$22,668",2264,$0,100%
469,John Adams YABC,"$14,114",165,N/A,
470,John Bowne High School,"$19,523",3579,"$3,999,395",90%
471,John Dewey High School,"$20,804",2223,"$2,456,915",90%
472,John Ericsson Middle School 126,"$28,589",379,$0,100%
473,John F. Kennedy Jr. School,"$68,943",505,N/A,
474,John Jay School for Law,"$20,003",452,"$487,326",90%
475,Jonas Bronck Academy,"$23,586",267,$0,105%
476,Juan Morel Campos Secondary School,"$33,641",491,$0,100%
477,KAPPA,"$23,096",359,"$440,886",90%
478,KAPPA III,"$21,449",387,"$482,806",90%
479,KAPPA V (Knowledge and Power Preparatory Academy),"$26,417",218,"$269,961",90%
480,Kennedy YABC,"$16,447",128,N/A,
481,Khalil Gibran International Academy,"$23,707",276,"$9,678",100%
482,Kingsborough Early College School,"$19,740",637,"$677,130",90%
483,Kingsbridge International High School,"$22,522",477,"$631,377",90%
484,47 The American Sign Language and English Secondary School,"$29,476",199,N/A,
485,Knowledge and Power Preparatory Academy VI,"$20,200",268,"$298,411",90%
486,Kurt Hahn Expeditionary Learning School,"$23,025",350,"$319,880",93%
487,Lafayette Academy,"$30,435",135,"$163,445",90%
488,Landmark High School,"$22,580",326,"$403,686",90%
489,Leaders of Tomorrow,"$28,420",414,$0,100%
490,Leadership and Public Service High School,"$21,290",464,"$516,122",90%
491,Learners and Leaders,"$24,334",576,"$334,917",95%
492,Learning to Work YABC at Monroe,"$15,131",146,N/A,
493,Leon M. Goldstein High School for the Sciences,"$19,331",999,"$342,230",97%
494,Liberation Diploma Plus,"$24,290",208,"$317,747",90%
495,Liberty Avenue Middle School,"$22,104",498,$0,100%
496,Liberty High School Academy for Newcomers,"$24,604",400,"$593,452",90%
497,Life Academy High School for Film and Music,"$21,579",305,"$227,420",94%
498,Life Sciences Secondary School,"$21,724",478,"$581,740",90%
499,Lighthouse Elementary School,"$27,907",191,"$227,620",90%
500,Linden Tree Elementary School,"$23,601",367,$0,100%
501,Long Island City High School,"$22,694",2377,$0,100%
502,Longwood Preparatory Academy,"$31,560",333,$0,100%
503,Lower East Side Preparatory High School,"$22,872",550,"$799,455",90%
504,Lower Manhattan Arts Academy,"$25,875",304,"$410,682",90%
505,Lower Manhattan Community Middle School,"$22,077",383,"$457,321",90%
506,Lucero Elementary School,"$24,037",398,$0,100%
507,Luisa Pineiro Fuentes School of Science and Discovery,"$25,302",359,"$407,864",90%
508,Lyons Community School,"$24,607",424,"$548,025",90%
509,M.S. 035 Stephen Decatur,"$25,742",247,"$288,008",91%
510,M.S. 053 Brian Piccolo,"$33,167",226,$0,100%
511,M.S. 061 Dr. Gladstone H. Atwell,"$25,128",592,"$688,635",90%
512,M.S. 113 Ronald Edmonds Learning Center,"$26,421",335,"$415,930",90%
513,M.S. 129 Academy for Independent Learning and Leadership,"$24,121",534,"$688,229",90%
514,M.S. 131,"$26,309",438,"$555,214",90%
515,M.S. 137 America's School of Heroes,"$19,643",1866,"$2,081,278",90%
516,M.S. 158 Marie Curie,"$18,826",1013,"$1,027,518",90%
517,M.S. 180 Dr. Daniel Hale Williams,"$22,482",1034,$0,102%
518,M.S. 224 Manhattan East School for Arts & Academics,"$26,460",176,"$208,739",90%
519,M.S. 243 Center School,"$19,660",233,"$30,736",99%
520,M.S. 246 Walt Whitman,"$26,208",416,"$547,457",90%
521,M.S. 250 West Side Collaborative Middle School,"$26,989",165,"$175,503",92%
522,M.S. 255 Salk School of Science,"$18,988",382,"$397,103",90%
523,M.S. 260 Clinton School Writers & Artists,"$18,360",729,"$351,340",95%
524,"M.S. 267 Math, Science & Technology","$26,053",269,"$245,956",93%
525,M.S. 297,"$19,276",484,$0,100%
526,M.S. 301 Paul L. Dunbar,"$28,985",249,$0,100%
527,M.S. 302 Luisa Dessus Cruz,"$25,866",499,"$681,648",90%
528,M.S. 319 - Maria Teresa,"$26,848",415,"$572,581",90%
529,M.S. 324 - Patria Mirabal,"$27,364",362,"$521,305",90%
530,M.S. 358,"$21,225",365,$4,100%
531,M.S. 379,"$22,076",150,$0,100%
532,M.S. 390,"$25,292",556,"$745,861",90%
533,M.S. 442 Carroll Gardens School for Innovation,"$30,743",257,"$310,331",90%
534,M.S. 51 William Alexander,"$19,196",1132,"$1,236,371",90%
535,M.S. 582,"$27,423",248,"$329,229",90%
536,M.S. 593,"$35,960",50,$0,100%
537,M.S. 594,"$23,925",256,$0,100%
538,M.S. 839,"$22,736",327,$4,100%
539,M.S. 890,"$21,339",208,$0,100%
540,M.S. 898,"$23,636",90,$0,100%
541,M.S. 907,"$23,643",90,$0,100%
542,M.S. K266 - Park Place Community Middle School,"$29,239",151,"$211,895",90%
543,M.S. K394,"$23,686",387,"$385,498",90%
544,M.S. M245 The Computer School,"$20,248",400,"$443,773",90%
545,M.S. M247 Dual Language Middle School,"$24,069",193,"$265,522",90%
546,M.S. X101 Edward R. Byrne,"$21,428",563,"$163,417",97%
547,Madiba Prep Middle School,"$30,016",151,$0,100%
548,"Magnet School of Math, Science and Design Technology","$24,077",971,"$1,001,972",90%
549,Manhattan / Hunter Science High School,"$18,552",438,$0,108%
550,Manhattan Academy for Arts & Language,"$25,564",234,"$75,212",98%
551,Manhattan Bridges High School,"$20,234",507,"$590,432",90%
552,Manhattan Business Academy,"$22,314",420,"$172,339",96%
553,Manhattan Center for Science and Mathematics,"$18,043",1653,"$1,720,681",90%
554,Manhattan Comprehensive Night and Day High School,"$22,378",708,"$985,888",90%
555,Manhattan Early College School for Advertising,"$21,771",418,$0,100%
556,Manhattan International High School,"$21,984",325,"$414,369",90%
557,Manhattan School for Career Development,"$80,779",161,N/A,
558,Manhattan Village Academy,"$18,878",443,"$423,499",91%
559,Marble Hill High School for International Studies,"$21,677",438,"$499,298",90%
560,Mark Twain I.S. 239 for the Gifted & Talented,"$18,072",1325,"$1,046,026",92%
561,Marsh Avenue School for Expeditionary Learning,"$20,870",448,"$382,478",93%
562,Marta Valle High School,"$33,702",110,"$157,730",90%
563,Martin Van Buren High School,"$22,884",1085,$0,100%
564,Maspeth High School,"$17,564",1195,"$77,237",99%
565,"Mathematics, Science Research and Technology Magnet High School","$22,329",371,$0,102%
566,Medgar Evers College Preparatory School,"$16,726",1313,"$1,159,627",90%
567,Metropolitan Diploma Plus High School,"$27,071",212,"$348,655",90%
568,Metropolitan Expeditionary Learning School,"$20,254",837,"$118,767",99%
569,"Metropolitan High School, The","$28,123",368,$0,100%
570,Middle College High School at LaGuardia Community College,"$19,980",503,"$488,397",90%
571,Middle School 322,"$27,157",422,"$502,987",92%
572,Middle School for Art and Philosophy,"$28,017",176,"$236,329",90%
573,Midwood High School,"$17,602",4120,"$4,068,313",90%
574,Millennium Art Academy,"$27,165",418,"$492,060",90%
575,Millennium Brooklyn HS,"$24,433",675,"$72,565",99%
576,Millennium High School,"$17,341",651,"$332,551",95%
577,Milton Fein School,"$20,605",706,"$690,427",90%
578,Morris Academy for Collaborative Studies,"$25,577",397,$0,100%
579,Mosaic Preparatory Academy,"$28,321",275,"$309,300",91%
580,Mott Hall Bridges Academy,"$26,432",182,$0,101%
581,Mott Hall Bronx High School,"$21,779",352,"$427,170",90%
582,Mott Hall Community School,"$24,480",331,$0,100%
583,Mott Hall High School,"$24,035",263,"$352,188",90%
584,Mott Hall II,"$20,545",405,"$480,388",90%
585,Mott Hall III,"$19,653",359,"$393,370",90%
586,Mott Hall IV,"$29,412",143,"$192,042",90%
587,Mott Hall V,"$22,496",673,"$857,871",90%
588,Mott Haven Community High School,"$28,726",228,$0,100%
589,Mott Haven Village Preparatory High School,"$25,380",327,"$466,314",90%
590,Mount Eden Children's Academy,"$21,194",382,$0,100%
591,Multicultural High School,"$25,055",269,$0,100%
592,Murray Hill Academy,"$25,216",303,$0,100%
593,Murry Bergtraum High School for Business Careers,"$38,941",169,"$231,242",90%
594,Muscota,"$21,583",296,"$126,231",95%
595,N.Y.C. Lab School for Collaborative Studies,"$25,920",475,"$174,100",96%
596,N.Y.C. Museum School,"$19,682",449,"$256,312",94%
597,Naples Street Elementary School,"$29,544",285,$3,100%
598,Neighborhood School,"$23,340",306,"$333,437",90%
599,Nelson Mandela High School,"$23,142",237,$0,100%
600,New Bridges Elementary,"$24,663",382,$0,100%
601,New Design High School,"$22,602",426,"$401,283",92%
602,New Design Middle School,"$37,276",107,"$25,857",98%
603,New Directions Secondary School,"$34,088",216,$0,100%
604,New Dorp High School,"$21,202",3023,"$3,546,857",90%
605,"New Explorations into Science, Technology and Math High School","$16,571",1717,"$1,441,075",91%
606,New Heights Middle School,"$27,743",240,$0,100%
607,New Millennium Business Academy Middle School,"$28,068",255,$0,100%
608,New Rikers Island School,"$49,831",330,N/A,
609,New Utrecht High School,"$19,547",3497,"$3,957,223",90%
610,New Voices School of Academic & Creative Arts,"$19,715",568,"$637,180",90%
611,New World High School,"$21,614",400,"$520,303",90%
612,New York City Academy for Discovery,"$22,568",340,"$375,624",90%
613,New York City Lab Middle School for Collaborative Studies,"$19,315",563,"$592,036",90%
614,Newcomers High School,"$20,565",893,"$1,089,897",90%
615,Newtown High School,"$21,846",1814,"$2,036,078",90%
616,Norma Adams Clemons Academy,"$25,623",626,"$695,044",90%
617,North Bronx School of Empowerment,"$24,234",574,$0,100%
618,North Queens Community High School,"$23,447",185,"$246,669",90%
619,NYC iSchool,"$19,426",464,"$526,317",90%
620,Olympus Academy,"$26,752",206,"$260,822",92%
621,One World Middle School at Edenwald,"$30,301",324,"$86,058",98%
622,Orchard Collegiate Academy,"$28,807",194,$0,100%
623,Origins High School,"$23,927",402,$0,100%
624,P. S. 62 - Chester Park School,"$20,154",907,"$912,788",90%
625,P.S. /I.S. 384 Frances E. Carter,"$27,161",443,"$531,144",90%
626,P.S. 001 Alfred E. Smith,"$27,515",281,"$324,499",90%
627,P.S. 001 Courtlandt School,"$24,517",591,"$699,614",90%
628,P.S. 001 The Bergen,"$23,662",1101,"$1,316,273",90%
629,P.S. 001 Tottenville,"$27,986",399,"$466,380",90%
630,P.S. 002 Alfred Zimberg,"$23,053",536,"$563,689",90%
631,P.S. 002 Meyer London,"$27,461",458,"$535,175",90%
632,P.S. 003 Charrette School,"$21,310",684,"$684,441",90%
633,P.S. 003 The Bedford Village,"$24,168",313,"$312,304",90%
634,P.S. 003 The Margaret Gioiosa School,"$24,222",716,"$705,857",90%
635,P.S. 004 Duke Ellington,"$27,604",444,"$546,255",90%
636,P.S. 004 Maurice Wollin,"$34,485",661,"$656,361",90%
637,P.S. 005 Dr. Ronald McNair,"$31,361",174,"$152,436",92%
638,P.S. 005 Ellen Lurie,"$25,816",529,"$652,466",90%
639,P.S. 005 Huguenot,"$24,332",314,$0,109%
640,P.S. 006 Lillie D. Blake,"$20,638",578,"$526,968",90%
641,P.S. 006 West Farms,"$27,095",435,"$501,755",90%
642,P.S. 007 Abraham Lincoln,"$22,331",831,"$896,784",90%
643,P.S. 007 Louis F. Simeone,"$21,402",1314,"$1,229,623",91%
644,P.S. 007 Samuel Stern,"$24,016",439,"$477,652",91%
645,P.S. 008 Isaac Varian,"$23,883",958,"$1,087,188",90%
646,P.S. 008 Luis Belliard,"$24,362",455,"$518,776",90%
647,P.S. 008 Robert Fulton,"$18,730",925,"$860,702",90%
648,P.S. 009,"$76,120",615,N/A,
649,P.S. 009 Sarah Anderson,"$20,392",600,"$507,803",91%
650,P.S. 009 Teunis G. Bergen,"$20,355",794,"$737,976",90%
651,P.S. 011 Highbridge,"$28,021",524,"$617,842",90%
652,P.S. 011 Kathryn Phelan,"$22,968",971,"$1,075,774",90%
653,P.S. 011 Purvis J. Behan,"$17,950",814,"$293,623",96%
654,P.S. 011 William T. Harris,"$19,354",886,"$810,588",90%
655,P.S. 012 James B. Colgate,"$20,815",1180,"$1,270,816",90%
656,P.S. 013 Clement C. Moore,"$21,137",1546,"$1,702,194",90%
657,P.S. 013 M. L. Lindemeyer,"$23,450",855,"$949,923",90%
658,P.S. 013 Roberto Clemente,"$28,645",406,$0,101%
659,P.S. 014 Fairview,"$21,434",1595,"$1,732,869",90%
660,P.S. 015 Jackie Robinson,"$20,279",360,"$93,253",97%
661,P.S. 015 Patrick F. Daly,"$29,422",427,"$468,843",90%
662,P.S. 015 Roberto Clemente,"$34,943",177,$0,100%
663,P.S. 016 John J. Driscoll,"$29,117",430,"$525,429",90%
664,P.S. 016 Leonard Dunkly,"$30,148",210,"$211,238",90%
665,P.S. 016 Wakefield,"$29,102",273,"$308,599",90%
666,P.S. 017 Henry D. Woodworth,"$30,326",243,"$299,281",90%
667,P.S. 017 Henry David Thoreau,"$23,488",473,"$535,153",90%
668,P.S. 018 Edward Bush,"$27,840",177,"$205,623",90%
669,P.S. 018 John G. Whittier,"$27,009",519,"$644,497",90%
670,P.S. 018 John Peter Zenger,"$25,218",550,"$645,865",90%
671,P.S. 018 Park Terrace,"$25,509",330,"$385,839",90%
672,P.S. 018 Winchester,"$18,640",565,"$569,155",90%
673,P.S. 019 Asher Levy,"$36,839",231,"$232,887",90%
674,P.S. 019 Judith K. Weiss,"$21,348",511,"$269,708",95%
675,P.S. 019 Marino Jeantet,"$22,717",1827,"$2,260,615",90%
676,P.S. 019 The Curtis School,"$26,387",479,"$589,940",90%
677,P.S. 020 Anna Silver,"$24,714",421,"$500,397",90%
678,P.S. 020 Clinton Hill,"$21,676",423,"$160,964",96%
679,P.S. 020 John Bowne,"$20,957",1154,"$1,253,172",90%
680,P.S. 020 Port Richmond,"$28,851",433,"$610,802",90%
681,P.S. 021 Crispus Attucks,"$23,470",518,"$531,819",90%
682,P.S. 021 Edward Hart,"$20,318",1302,"$1,331,263",90%
683,P.S. 021 Philip H. Sheridan,"$21,199",722,"$715,436",90%
684,P.S. 022 Graniteville,"$25,350",925,"$1,050,838",90%
685,P.S. 022 Thomas Jefferson,"$21,235",905,"$830,630",92%
686,P.S. 023 Carter G. Woodson,"$27,958",247,"$289,988",90%
687,P.S. 023 Richmondtown,"$25,060",533,"$411,085",92%
688,P.S. 023 The New Children's School,"$30,344",420,"$483,045",90%
689,P.S. 024,"$25,503",616,"$739,179",90%
690,P.S. 024 Andrew Jackson,"$20,884",987,"$1,065,397",90%
691,P.S. 024 Spuyten Duyvil,"$19,732",935,"$214,261",97%
692,P.S. 025 Bilingual School,"$28,884",497,"$550,556",90%
693,P.S. 025 Eubie Blake School,"$49,903",60,$0,209%
694,P.S. 026 Jesse Owens,"$34,867",206,"$195,105",90%
695,P.S. 026 Rufus King,"$20,997",655,"$652,265",90%
696,P.S. 026 The Carteret School,"$24,393",264,$0,115%
697,P.S. 028 Mount Hope,"$27,558",640,"$723,357",90%
698,P.S. 028 The Warren Prep Academy,"$32,356",132,$0,132%
699,P.S. 028 Wright Brothers,"$26,247",612,"$759,144",90%
700,P.S. 029 Bardwell,"$23,398",585,"$585,080",90%
701,P.S. 029 John M. Harrigan,"$18,961",908,"$820,548",90%
702,P.S. 029 Queens,"$21,106",680,"$732,988",90%
703,P.S. 030 Hernandez/Hughes,"$37,953",228,$0,164%
704,P.S. 030 Westerleigh,"$23,557",807,"$835,350",90%
705,P.S. 030 Wilton,"$25,552",476,"$528,536",90%
706,P.S. 031 Bayside,"$21,450",527,"$529,853",90%
707,P.S. 031 Samuel F. Dupont,"$21,629",504,"$490,347",90%
708,P.S. 031 William T. Davis,"$32,859",316,"$333,206",90%
709,P.S. 032 Belmont,"$23,974",763,"$866,187",90%
710,P.S. 032 Samuel Mills Sprole,"$35,139",451,"$19,712",100%
711,P.S. 032 State Street,"$20,057",943,"$883,821",90%
712,P.S. 032 The Gifford School,"$23,055",604,"$605,069",90%
713,P.S. 033 Chelsea Prep,"$18,586",648,"$605,802",90%
714,P.S. 033 Edward M. Funk,"$20,666",942,"$911,981",91%
715,P.S. 033 Timothy Dwight,"$24,058",774,"$873,873",90%
716,P.S. 034 Franklin D. Roosevelt,"$29,882",295,$0,103%
717,P.S. 034 John Harvard,"$20,698",558,"$568,460",90%
718,P.S. 034 Oliver H. Perry,"$21,745",404,"$400,776",90%
719,P.S. 035,"$50,396",324,N/A,
720,P.S. 035 Franz Siegel,"$24,732",640,"$746,272",90%
721,P.S. 035 Nathaniel Woodhull,"$21,385",668,"$689,695",90%
722,P.S. 036 J. C. Drumgoole,"$24,681",739,"$776,559",90%
723,P.S. 036 Margaret Douglas,"$31,126",336,"$412,023",90%
724,P.S. 036 Saint Albans School,"$22,835",427,"$447,210",90%
725,P.S. 036 Unionport,"$22,773",704,"$569,849",92%
726,P.S. 038 George Cromwell,"$27,258",324,"$350,312",90%
727,P.S. 038 Rosedale,"$23,024",284,"$186,360",94%
728,P.S. 038 The Pacific,"$20,182",501,"$454,053",90%
729,P.S. 039 Henry Bristow,"$18,588",426,"$364,853",90%
730,P.S. 040 Augustus Saint-Gaudens,"$19,503",653,"$596,727",90%
731,P.S. 040 George W. Carver,"$25,798",276,"$276,596",90%
732,P.S. 040 Samuel Huntington,"$25,831",358,$0,104%
733,P.S. 041 Crocheron,"$24,543",457,"$441,221",90%
734,P.S. 041 Francis White,"$25,097",452,"$548,882",90%
735,P.S. 041 Greenwich Village,"$20,711",646,"$578,872",90%
736,P.S. 041 Gun Hill Road,"$21,282",907,"$944,262",90%
737,P.S. 042 Benjamin Altman,"$24,802",578,"$688,383",90%
738,P.S. 042 Claremont,"$27,006",385,$0,100%
739,P.S. 042 Eltingville,"$22,859",978,"$383,510",96%
740,P.S. 043,"$23,268",859,"$956,730",90%
741,P.S. 043 Jonas Bronck,"$26,474",383,"$426,275",90%
742,P.S. 044 David C. Farragut,"$25,696",258,"$254,869",91%
743,P.S. 044 Marcus Garvey,"$32,409",134,"$138,360",90%
744,P.S. 044 Thomas C. Brown,"$25,989",772,"$898,757",90%
745,P.S. 045 Clarence Witherspoon,"$26,423",293,"$97,907",97%
746,P.S. 045 John Tyler,"$21,825",827,"$850,047",90%
747,P.S. 046 Albert V. Maniscalco,"$31,029",235,"$270,259",90%
748,P.S. 046 Alley Pond,"$30,092",489,"$127,262",97%
749,P.S. 046 Arthur Tappan,"$25,162",568,"$682,200",90%
750,P.S. 046 Edgar Allan Poe,"$25,831",840,"$1,023,087",90%
751,P.S. 046 Edward C. Blum,"$29,584",196,"$225,346",90%
752,P.S. 047 Chris Galas,"$33,200",195,"$50,180",98%
753,P.S. 047 John Randolph,"$22,817",1003,"$1,103,356",90%
754,P.S. 048 Joseph R. Drake,"$28,916",563,"$686,336",90%
755,P.S. 048 Mapleton,"$23,299",534,"$595,446",90%
756,P.S. 048 P.O. Michael J. Buczek,"$26,378",458,"$578,617",90%
757,P.S. 048 William G. Wilcox,"$22,221",930,"$640,895",93%
758,P.S. 048 William Wordsworth,"$23,182",501,"$490,896",92%
759,P.S. 049 Dorothy Bonawit Kole,"$18,559",1178,"$1,180,238",90%
760,P.S. 049 Willis Avenue,"$25,871",543,$0,101%
761,P.S. 050 Frank Hankinson,"$22,991",673,$0,101%
762,P.S. 050 Talfourd Lawn Elementary School,"$21,150",722,"$762,328",90%
763,P.S. 051,"$23,997",217,"$216,900",90%
764,P.S. 051 Bronx New School,"$22,773",188,"$111,582",93%
765,P.S. 051 Elias Howe,"$22,988",427,"$421,073",90%
766,P.S. 052 John C. Thompson,"$25,640",497,$0,104%
767,P.S. 052 Queens,"$22,776",413,"$329,639",92%
768,P.S. 052 Sheepshead Bay,"$23,733",715,"$746,833",90%
769,P.S. 053 Basheer Quisim,"$23,228",1087,"$1,194,363",90%
770,P.S. 054 Charles W. Leng,"$22,207",752,"$790,564",90%
771,P.S. 054 Hillside,"$22,499",569,"$528,337",92%
772,P.S. 054 Samuel C. Barnes,"$28,792",167,"$131,065",93%
773,P.S. 055 Benjamin Franklin,"$25,790",560,$0,100%
774,P.S. 055 Henry M. Boehm,"$26,901",545,"$448,587",92%
775,P.S. 055 Maure,"$24,965",458,"$320,331",93%
776,P.S. 056 Harry Eichler,"$22,531",400,"$430,100",90%
777,P.S. 056 Lewis H. Latimer,"$30,121",216,"$214,732",90%
778,P.S. 056 Norwood Heights,"$23,115",711,"$778,971",90%
779,P.S. 057 Crescent,"$25,636",441,"$419,071",92%
780,P.S. 057 Hubert H. Humphrey,"$25,770",625,"$396,350",94%
781,P.S. 058,"$26,050",385,"$372,851",92%
782,P.S. 058 The Carroll,"$18,769",922,"$809,176",90%
783,P.S. 059 Beekman Hill International,"$19,190",609,"$457,707",92%
784,P.S. 059 The Community School of Technology,"$28,694",466,$0,106%
785,P.S. 059 William Floyd,"$27,099",264,"$309,487",90%
786,P.S. 060 Alice Austen,"$23,312",820,"$792,900",90%
787,P.S. 060 Woodhaven,"$21,210",1039,"$1,117,276",90%
788,P.S. 061 Francisco Oller,"$24,316",246,"$240,885",90%
789,P.S. 062 Inocensio Casanova,"$23,689",629,"$717,148",90%
790,P.S. 063 Author's Academy,"$24,957",482,"$272,019",95%
791,P.S. 063 Old South,"$22,208",1075,"$1,144,762",90%
792,P.S. 064 Joseph P. Addabbo,"$21,470",560,"$568,264",90%
793,P.S. 064 Robert Simon,"$29,726",199,"$239,554",90%
794,P.S. 065,"$19,412",590,"$608,629",90%
795,P.S. 065 Mother Hale Academy,"$25,934",366,"$293,555",93%
796,P.S. 066 Jacqueline Kennedy Onassis,"$24,611",442,"$535,466",90%
797,P.S. 066 School of Higher Expectations,"$26,522",573,$0,115%
798,P.S. 067 Charles A. Dorsey,"$29,343",211,$0,100%
799,P.S. 067 Mohegan School,"$23,826",459,"$492,104",90%
800,P.S. 068 Bronx,"$31,871",617,"$632,329",90%
801,P.S. 068 Cambridge,"$23,016",580,"$623,667",90%
802,P.S. 069 Daniel D. Tompkins,"$31,978",870,"$543,923",94%
803,P.S. 069 Jackson Heights,"$20,438",964,"$946,049",90%
804,P.S. 069 Journey Prep School,"$22,769",549,"$580,877",90%
805,P.S. 070,"$21,555",761,"$794,699",90%
806,P.S. 070 Max Schoenfeld,"$22,385",1216,"$1,358,439",90%
807,P.S. 071 Forest,"$25,463",632,$0,104%
808,P.S. 071 Rose E. Scala,"$20,872",1590,"$937,389",95%
809,P.S. 072 Dr. William Dorney,"$25,529",720,"$802,709",90%
810,P.S. 073 Bronx,"$24,368",598,"$645,408",90%
811,P.S. 075 Emily Dickinson,"$33,433",554,"$318,799",95%
812,P.S. 075 Mayda Cortiella,"$29,150",285,"$329,100",90%
813,P.S. 076 A. Philip Randolph,"$24,590",387,"$408,307",90%
814,P.S. 076 The Bennington School,"$21,972",906,"$953,292",90%
815,P.S. 076 William Hallet,"$33,747",404,"$456,300",90%
816,P.S. 078 Anne Hutchinson,"$21,554",800,"$786,570",90%
817,P.S. 079 Francis Lewis,"$18,426",1083,"$1,041,789",90%
818,P.S. 081 Robert J. Christen,"$21,315",727,"$415,900",94%
819,P.S. 081 Thaddeus Stevens,"$31,415",251,"$230,964",92%
820,P.S. 082 Hammond,"$21,959",654,"$753,256",90%
821,P.S. 083 Donald Hertz,"$20,591",1671,"$1,491,215",92%
822,P.S. 083 Luis Munoz Rivera,"$23,467",374,"$410,065",90%
823,P.S. 084 Jose De Diego,"$26,892",689,$0,101%
824,P.S. 084 Lillian Weber,"$21,229",549,"$541,366",90%
825,P.S. 084 Steinway,"$24,617",219,"$222,842",90%
826,P.S. 085 Great Expectations,"$26,844",841,$0,100%
827,P.S. 085 Judge Charles Vallone,"$21,708",569,"$576,004",90%
828,P.S. 086 Kingsbridge Heights,"$21,428",1619,"$1,809,070",90%
829,P.S. 086 The Irvington,"$26,837",358,"$427,157",90%
830,P.S. 087 Bronx,"$21,837",595,"$612,341",90%
831,P.S. 087 William Sherman,"$20,052",878,"$869,374",90%
832,P.S. 088 Seneca,"$25,109",841,"$427,597",95%
833,P.S. 089 Bronx,"$20,436",1449,"$1,587,584",90%
834,P.S. 089 Cypress Hills,"$24,281",431,"$536,118",91%
835,P.S. 089 Elmhurst,"$20,671",1873,"$2,137,384",90%
836,P.S. 090 Horace Mann,"$21,927",788,"$845,133",90%
837,P.S. 091 Bronx,"$23,604",717,"$852,869",90%
838,P.S. 091 Richard Arkwright,"$23,244",688,"$733,681",90%
839,P.S. 091 The Albany Avenue School,"$33,877",196,"$207,348",90%
840,P.S. 092 Adrian Hegeman,"$28,783",341,"$392,619",90%
841,P.S. 092 Harry T. Stewart Sr.,"$23,108",824,"$924,184",90%
842,P.S. 092 Mary McLeod Bethune,"$34,745",223,$0,132%
843,P.S. 093 Albert G. Oliver,"$28,248",270,$0,109%
844,P.S. 093 William H. Prescott,"$24,088",240,"$253,398",90%
845,P.S. 094 David D. Porter,"$23,391",303,"$300,161",90%
846,P.S. 094 Kings College School,"$23,600",1252,"$1,423,684",90%
847,P.S. 094 The Henry Longfellow,"$20,366",1351,"$1,513,020",90%
848,P.S. 095 Eastwood,"$20,160",1410,"$1,446,186",90%
849,P.S. 095 Sheila Mencher,"$21,671",1238,"$1,349,195",90%
850,P.S. 095 The Gravesend,"$22,244",923,"$801,108",92%
851,P.S. 096,"$21,226",264,"$239,954",91%
852,P.S. 096 Joseph Lanzetta,"$28,867",342,$0,100%
853,P.S. 096 Richard Rodgers,"$21,181",934,"$974,595",90%
854,P.S. 097 Bronx,"$23,081",622,"$673,403",90%
855,P.S. 097 Forest Park,"$21,990",673,"$726,016",90%
856,P.S. 098 Shorac Kappock,"$30,319",348,"$405,428",90%
857,P.S. 098 The Douglaston School,"$23,371",277,"$118,141",96%
858,P.S. 099 Isaac Asimov,"$20,059",826,"$876,998",90%
859,P.S. 099 Kew Gardens,"$22,770",783,"$831,999",90%
860,P.S. 100 Glen Morris,"$21,899",887,"$927,971",90%
861,P.S. 100 Isaac Clason,"$23,649",556,"$619,997",90%
862,P.S. 100 The Coney Island School,"$20,316",724,"$733,186",90%
863,P.S. 101 School in the Gardens,"$19,626",664,"$65,317",99%
864,P.S. 101 The Verrazano,"$22,817",840,"$1,030,981",90%
865,P.S. 102 Bayview,"$20,354",1273,"$1,337,053",90%
866,P.S. 102 Jacques Cartier,"$27,372",304,"$195,185",94%
867,P.S. 102 The Bayview,"$20,768",1450,"$1,484,126",90%
868,P.S. 103 Hector Fontanez,"$23,193",1005,"$1,126,293",90%
869,P.S. 104 The Bays Water,"$24,617",627,"$675,641",90%
870,P.S. 105 Sen Abraham Bernstein,"$23,844",928,"$1,068,898",90%
871,P.S. 105 The Bay School,"$24,723",782,"$597,701",93%
872,P.S. 105 The Blythebourne,"$19,830",1466,"$1,533,378",90%
873,P.S. 106 Edward Everett Hale,"$29,576",366,"$441,666",90%
874,P.S. 106 Parkchester,"$20,629",1104,"$1,131,487",90%
875,P.S. 107,"$26,143",440,"$495,422",91%
876,P.S. 107 John W. Kimball,"$19,121",548,"$197,382",96%
877,P.S. 107 Thomas A Dooley,"$24,926",907,"$303,305",97%
878,P.S. 108 Assemblyman Angelo Del Toro Educational Complex,"$29,548",379,"$484,887",90%
879,P.S. 108 Captain Vincent G. Fowler,"$19,632",1394,"$1,433,233",90%
880,P.S. 108 Philip J. Abinanti,"$20,825",600,"$181,827",97%
881,P.S. 108 Sal Abbracciamento,"$22,154",833,"$911,767",90%
882,P.S. 109,"$25,695",596,"$677,049",90%
883,P.S. 109 Sedgwick,"$24,205",587,"$646,034",90%
884,P.S. 11 Thomas Dongan School,"$24,684",287,"$197,099",93%
885,P.S. 110,"$20,976",900,$0,100%
886,P.S. 110 Florence Nightingale,"$20,407",327,"$301,727",90%
887,P.S. 110 The Monitor,"$19,309",454,"$225,093",94%
888,P.S. 110 Theodore Schoenfeld,"$24,807",416,"$136,155",97%
889,P.S. 111 Adolph S. Ochs,"$25,955",366,"$367,257",90%
890,P.S. 111 Jacob Blackwell,"$30,621",322,$0,100%
891,P.S. 111 Seton Falls,"$25,131",620,"$59,356",99%
892,P.S. 112 Bronxwood,"$27,208",403,$0,100%
893,P.S. 112 Dutch Kills,"$23,131",407,"$433,445",90%
894,P.S. 112 Jose Celso Barbosa,"$45,453",275,"$315,762",90%
895,P.S. 112 Lefferts Park,"$21,791",680,"$744,872",90%
896,P.S. 114 Ryder Elementary,"$24,735",461,"$520,286",90%
897,P.S. 115 Alexander Humboldt,"$27,585",403,"$448,254",90%
898,P.S. 115 Daniel Mucatel School,"$22,250",803,"$833,270",90%
899,P.S. 116 Elizabeth L Farrell,"$30,261",325,"$412,561",90%
900,P.S. 116 Mary Lindley Murray,"$22,566",469,"$451,900",90%
901,P.S. 117 J. Keld / Briarwood School,"$21,199",897,"$936,596",90%
902,P.S. 118 Lorraine Hansberry,"$24,909",373,"$401,657",90%
903,P.S. 119 Amersfort,"$23,317",416,"$400,810",90%
904,P.S. 120 Carlos Tapia,"$24,664",348,"$343,059",90%
905,P.S. 120 Queens,"$20,769",911,"$1,005,801",90%
906,P.S. 121 Nelson A. Rockefeller,"$35,629",334,"$114,198",97%
907,P.S. 121 Queens,"$19,681",830,"$811,225",90%
908,P.S. 121 Throop,"$21,093",854,"$797,835",90%
909,P.S. 122 Mamie Fay,"$17,997",1333,"$1,251,641",90%
910,P.S. 123,"$22,408",631,"$662,851",90%
911,P.S. 123 Mahalia Jackson,"$29,160",416,$0,100%
912,P.S. 123 Suydam,"$25,789",541,"$622,545",90%
913,P.S. 124 Osmond A Church,"$19,143",1221,"$1,210,090",90%
914,P.S. 124 Silas B. Dutcher,"$24,292",296,"$338,079",90%
915,P.S. 124 Yung Wing,"$21,749",599,"$623,961",90%
916,P.S. 125 Ralph Bunche,"$26,088",287,$0,106%
917,P.S. 126 Dr Marjorie H Dunbar,"$23,964",516,"$566,020",90%
918,P.S. 126 Jacob August Riis,"$22,576",740,"$844,811",90%
919,P.S. 127 Aerospace Science Magnet School,"$21,247",1247,"$1,387,613",90%
920,P.S. 127 McKinley Park,"$23,031",528,"$582,342",90%
921,P.S. 128 Audubon,"$25,065",499,"$539,567",90%
922,P.S. 128 Bensonhurst,"$22,795",488,"$76,576",99%
923,"P.S. 128 The Lorraine Tuzzo, Juniper Valley Elementary School","$18,904",940,"$352,348",96%
924,P.S. 129 John H. Finley,"$28,812",386,"$70,891",98%
925,P.S. 129 Patricia Larkin,"$21,342",1077,"$616,343",95%
926,P.S. 130,"$23,442",402,"$348,610",91%
927,P.S. 130 Abram Stevens Hewitt,"$25,233",445,"$518,235",90%
928,P.S. 130 Hernando De Soto,"$19,857",836,"$813,386",90%
929,P.S. 130 The Parkside,"$22,887",781,"$867,206",90%
930,P.S. 131 Abigail Adams,"$21,143",749,"$751,478",90%
931,P.S. 131 Brooklyn,"$22,390",949,"$1,119,132",90%
932,P.S. 132 Garret A. Morgan,"$30,810",335,"$58,566",99%
933,P.S. 132 Juan Pablo Duarte,"$36,641",262,$0,100%
934,P.S. 132 Ralph Bunche,"$22,779",355,"$99,274",97%
935,P.S. 132 The Conselyea School,"$20,213",620,"$564,938",90%
936,P.S. 133 Fred R Moore,"$38,862",186,"$190,390",90%
937,P.S. 133 Queens,"$22,353",521,$0,105%
938,P.S. 133 William A. Butler,"$21,101",701,"$201,764",97%
939,P.S. 134 George F. Bristow,"$23,122",545,"$571,799",90%
940,P.S. 134 Henrietta Szold,"$33,798",245,"$22,861",99%
941,P.S. 134 Hollis,"$26,688",326,"$157,776",96%
942,P.S. 135 Sheldon A. Brookner,"$23,049",499,"$486,554",90%
943,P.S. 136 Roy Wilkins,"$21,749",533,"$527,108",90%
944,P.S. 138,"$92,564",604,N/A,
945,P.S. 138 Brooklyn,"$27,689",504,"$551,470",90%
946,P.S. 138 Samuel Randall,"$23,449",614,"$658,243",90%
947,P.S. 139 Alexine A. Fenty,"$21,182",926,"$982,058",90%
948,P.S. 139 Rego Park,"$20,108",742,"$773,292",90%
949,P.S. 140 Edward K Ellington,"$21,969",474,"$477,984",90%
950,P.S. 140 Nathan Straus,"$26,391",337,"$398,391",90%
951,P.S. 142 Amalia Castro,"$28,543",313,"$427,652",90%
952,P.S. 143 Louis Armstrong,"$24,172",1354,"$1,713,427",90%
953,P.S. 144 Col Jeromus Remsen,"$20,215",805,$0,102%
954,P.S. 145 Andrew Jackson,"$25,815",490,"$535,779",90%
955,"P.S. 145, The Bloomingdale School","$24,662",413,"$255,110",94%
956,P.S. 146 Ann M. Short,"$33,919",296,"$389,017",90%
957,P.S. 146 Edward Collins,"$24,315",367,"$419,160",90%
958,P.S. 146 Howard Beach,"$23,388",623,$0,108%
959,P.S. 147 Isaac Remsen,"$24,463",328,$0,108%
960,P.S. 148 Queens,"$23,336",782,"$876,888",90%
961,P.S. 149 Christa McAuliffe,"$21,114",1011,"$1,119,913",90%
962,P.S. 149 Danny Kaye,"$21,930",605,"$599,477",90%
963,P.S. 149 Sojourner Truth,"$28,005",221,$0,100%
964,P.S. 150,"$21,595",168,"$138,724",90%
965,P.S. 150 Charles James Fox,"$24,211",718,"$820,830",90%
966,P.S. 150 Christopher,"$29,473",193,"$226,556",90%
967,P.S. 150 Queens,"$20,614",975,"$1,014,513",90%
968,P.S. 151 Lyndon B. Johnson,"$28,831",259,"$295,684",90%
969,P.S. 151 Mary D. Carter,"$29,422",332,"$394,810",90%
970,P.S. 152 Dyckman Valley,"$26,743",459,"$567,734",90%
971,P.S. 152 Evergreen,"$24,195",800,"$890,799",90%
972,P.S. 152 Gwendoline N. Alleyne School,"$21,854",970,"$1,050,245",90%
973,P.S. 153 Adam Clayton Powell,"$24,641",472,"$534,060",90%
974,P.S. 153 Helen Keller,"$23,140",608,$0,104%
975,P.S. 153 Homecrest,"$23,684",521,"$544,822",90%
976,P.S. 153 Maspeth Elem,"$21,387",1061,"$1,046,580",90%
977,P.S. 154 Harriet Tubman,"$30,049",258,$0,106%
978,P.S. 154 Jonathan D. Hyatt,"$29,094",316,$0,100%
979,P.S. 154 Queens,"$23,104",622,"$686,298",90%
980,P.S. 155,"$21,477",451,"$443,814",90%
981,P.S. 155 William Paca,"$31,474",219,"$281,685",90%
982,P.S. 156 Laurelton,"$26,839",236,$0,106%
983,P.S. 156 Waverly,"$23,394",654,$0,100%
984,P.S. 157 Grove Hill,"$23,748",582,"$310,149",95%
985,P.S. 158 Bayard Taylor,"$19,493",719,"$658,405",90%
986,P.S. 158 Warwick,"$23,268",504,$0,100%
987,P.S. 159,"$20,344",628,"$240,640",96%
988,P.S. 159 Isaac Pitkin,"$21,724",722,"$741,431",90%
989,P.S. 159 Luis Munoz Marin Biling,"$24,292",199,"$195,718",90%
990,P.S. 160 Walt Disney,"$29,710",334,$0,127%
991,P.S. 160 Walter Francis Bishop,"$23,604",553,"$578,814",90%
992,P.S. 160 William T. Sampson,"$22,774",1165,"$1,409,205",90%
993,P.S. 161 Arthur Ashe School,"$22,261",646,"$665,492",90%
994,P.S. 161 Juan Ponce De Leon School,"$28,694",451,"$135,851",97%
995,P.S. 161 Pedro Albizu Campos,"$25,151",802,"$378,536",96%
996,P.S. 161 The Crown,"$26,588",301,"$310,357",90%
997,P.S. 162 John Golden,"$20,849",620,"$637,570",90%
998,P.S. 163 Alfred E. Smith,"$23,779",520,"$509,141",91%
999,P.S. 163 Arthur A. Schomburg,"$24,082",471,"$542,104",90%
1000,P.S. 163 Bath Beach,"$23,640",592,"$476,302",93%
1001,P.S. 163 Flushing Heights,"$20,648",711,"$594,540",92%
1002,P.S. 164 Caesar Rodney,"$22,640",701,"$741,781",90%
1003,P.S. 164 Queens Valley,"$22,059",654,"$366,293",95%
1004,P.S. 165 Edith K. Bergtraum,"$30,293",691,"$699,589",90%
1005,P.S. 165 Ida Posner,"$32,173",179,$0,100%
1006,P.S. 165 Robert E. Simon,"$25,503",383,"$399,295",90%
1007,P.S. 166 Henry Gradstein,"$20,061",960,"$938,534",90%
1008,P.S. 166 The Richard Rodgers School of the Arts and Technology,"$18,384",647,"$574,931",90%
1009,P.S. 168,"$68,217",550,N/A,
1010,P.S. 169 Bay Terrace,"$23,019",409,$0,116%
1011,P.S. 169 Sunset Park,"$23,508",1388,"$1,668,155",90%
1012,P.S. 170,"$24,882",250,"$272,587",90%
1013,P.S. 171 Patrick Henry,"$21,059",700,"$722,993",90%
1014,P.S. 171 Peter G. Van Alst,"$24,008",438,"$477,892",90%
1015,P.S. 172 Beacon School of Excellence,"$25,184",557,"$732,604",90%
1016,P.S. 173,"$25,626",384,"$392,903",90%
1017,P.S. 173 Fresh Meadows,"$19,394",890,"$750,449",91%
1018,P.S. 174 William Sidney Mount,"$20,343",633,"$526,367",91%
1019,P.S. 175 City Island,"$22,386",334,$0,116%
1020,P.S. 175 Henry H Garnet,"$24,172",336,"$348,881",90%
1021,P.S. 175 The Lynn Gross Discovery School,"$19,538",774,"$747,792",90%
1022,P.S. 176 Cambria Heights,"$19,190",669,"$609,588",90%
1023,P.S. 176 Ovington,"$20,386",1272,"$1,340,641",90%
1024,P.S. 177 The Marlboro,"$22,555",956,"$986,711",91%
1025,P.S. 178 - Dr. Selman Waksman,"$29,286",384,$0,108%
1026,P.S. 178 Saint Clair McKelway,"$25,793",276,"$309,390",90%
1027,P.S. 179,"$26,584",298,"$330,117",90%
1028,P.S. 179 Kensington,"$24,076",819,"$927,491",90%
1029,P.S. 180 Hugo Newman,"$23,983",416,$0,100%
1030,P.S. 181 Brookfield,"$27,775",301,"$313,433",90%
1031,P.S. 181 Brooklyn,"$26,023",581,"$669,549",90%
1032,P.S. 182,"$22,608",698,"$728,259",90%
1033,P.S. 182 Samantha Smith,"$25,221",699,"$787,257",90%
1034,P.S. 183 Dr. Richard R. Green,"$28,839",499,"$611,747",90%
1035,P.S. 183 Robert L. Stevenson,"$20,839",549,"$507,741",90%
1036,P.S. 184 Flushing Manor,"$21,526",475,"$161,636",97%
1037,P.S. 184 Newport,"$25,381",522,"$590,289",90%
1038,P.S. 184M Shuang Wen,"$20,902",680,"$742,212",90%
1039,P.S. 185 - The Early Childhood Discovery and Design Magnet School,"$26,697",288,"$189,891",94%
1040,P.S. 185 Walter Kassenbrock,"$20,893",629,"$610,547",90%
1041,P.S. 186 Castlewood,"$39,442",331,"$311,645",90%
1042,P.S. 186 Dr. Irving A Gladstone,"$21,573",1067,"$1,185,498",90%
1043,P.S. 188 Kingsbury,"$17,825",697,"$601,582",90%
1044,P.S. 188 Michael E. Berdy,"$28,883",336,"$356,010",90%
1045,P.S. 188 The Island School,"$29,107",390,$0,100%
1046,P.S. 189,"$26,582",664,"$753,844",90%
1047,P.S. 189 The Bilingual Center,"$20,160",1077,"$1,113,320",90%
1048,P.S. 190 Sheffield,"$25,591",201,$0,108%
1049,P.S. 191 Mayflower,"$20,763",349,"$331,050",90%
1050,P.S. 191 Paul Robeson,"$32,737",134,"$152,760",90%
1051,P.S. 192 - The Magnet School for Math and Science Inquiry,"$23,788",626,"$744,089",90%
1052,P.S. 192 Jacob H. Schiff,"$26,436",392,"$210,147",95%
1053,P.S. 193 Alfred J. Kennedy,"$20,559",506,$0,101%
1054,P.S. 193 Gil Hodges,"$24,087",706,"$754,347",90%
1055,P.S. 194 Countee Cullen,"$30,369",220,$0,100%
1056,P.S. 194 Raoul Wallenberg,"$25,386",531,"$593,143",90%
1057,P.S. 195,"$21,797",901,"$591,834",94%
1058,P.S. 195 Manhattan Beach,"$18,734",459,"$399,673",90%
1059,P.S. 195 William Haberle,"$23,230",498,"$489,434",90%
1060,P.S. 196,"$21,068",838,"$953,561",90%
1061,P.S. 196 Grand Central Parkway,"$18,449",998,"$355,806",96%
1062,P.S. 196 Ten Eyck,"$29,819",255,"$298,312",90%
1063,P.S. 197 - The Kings Highway Academy,"$22,951",676,"$555,957",92%
1064,P.S. 197 John B. Russwurm,"$32,556",277,"$323,980",90%
1065,P.S. 197 The Ocean School,"$27,792",443,$0,100%
1066,P.S. 198 Brooklyn,"$28,131",324,"$344,729",90%
1067,P.S. 198 Isador E. Ida Straus,"$24,519",389,"$406,863",90%
1068,P.S. 199 Frederick Wachtel,"$28,217",534,$0,103%
1069,P.S. 199 Jessie Isador Straus,"$21,618",797,"$362,710",95%
1070,P.S. 199 Maurice A. Fitzgerald,"$22,708",710,"$801,914",90%
1071,P.S. 199X - The Shakespeare School,"$24,331",644,"$757,149",90%
1072,P.S. 200 Benson School,"$20,305",1325,"$1,395,981",90%
1073,P.S. 200- The James McCune Smith School,"$29,457",297,"$365,879",90%
1074,P.S. 201 The Discovery School for Inquiry and Research,"$27,213",414,$0,109%
1075,P.S. 202 Ernest S. Jenkyns,"$27,238",344,"$389,606",90%
1076,P.S. 203 Floyd Bennett School,"$24,011",611,"$647,911",90%
1077,P.S. 203 Oakland Gardens,"$19,554",849,"$777,813",90%
1078,P.S. 204 Morris Heights,"$23,009",560,"$601,824",90%
1079,P.S. 204 Vince Lombardi,"$21,219",1144,"$822,844",93%
1080,P.S. 205 Alexander Graham Bell,"$23,649",285,"$118,303",95%
1081,P.S. 205 Clarion,"$23,466",1204,"$1,252,521",90%
1082,P.S. 205 Fiorello Laguardia,"$22,442",1004,"$1,103,647",90%
1083,P.S. 206 Jose Celso Barbosa,"$38,199",478,"$584,961",90%
1084,P.S. 206 Joseph F Lamb,"$20,144",1485,"$1,532,823",90%
1085,P.S. 206 The Horace Harding School,"$21,857",583,"$604,344",90%
1086,P.S. 207,"$26,981",287,"$319,116",90%
1087,P.S. 207 Elizabeth G. Leary,"$21,367",1187,"$1,235,372",90%
1088,P.S. 207 Rockwood Park,"$27,211",588,"$70,567",99%
1089,P.S. 208 Elsa Ebeling,"$27,908",303,"$339,851",90%
1090,P.S. 209,"$26,060",206,"$260,391",90%
1091,P.S. 209 Clearview Gardens,"$20,660",579,"$425,737",92%
1092,P.S. 209 Margaret Mead,"$24,931",685,"$816,565",90%
1093,P.S. 21 Margaret Emery-Elm Park,"$30,121",356,"$469,487",90%
1094,P.S. 211,"$23,888",572,$0,100%
1095,P.S. 212,"$27,297",228,"$222,848",90%
1096,P.S. 212,"$27,297",228,"$222,848",90%
1097,P.S. 212 Lady Deborah Moody,"$25,120",647,"$334,833",95%
1098,P.S. 212 Midtown West,"$18,840",317,"$261,466",90%
1099,P.S. 213 New Lots,"$25,718",212,"$216,870",90%
1100,P.S. 213 The Carl Ullman School,"$23,081",388,$0,101%
1101,P.S. 214,"$21,698",945,"$747,452",93%
1102,P.S. 214 Cadwallader Colden,"$22,627",422,"$325,723",93%
1103,P.S. 214 Michael Friedsam,"$22,189",807,"$841,402",90%
1104,P.S. 215 Morris H. Weiss,"$21,938",817,"$523,408",94%
1105,P.S. 216 Arturo Toscanini,"$23,219",659,"$667,831",90%
1106,P.S. 217 Colonel David Marcus School,"$21,887",1101,"$1,183,940",90%
1107,P.S. 219 Kennedy-King,"$25,895",431,"$453,681",90%
1108,P.S. 219 Paul Klapper,"$33,535",585,"$618,443",90%
1109,P.S. 220 Edward Mandel,"$21,408",678,"$677,688",90%
1110,P.S. 221 The North Hills School,"$20,324",612,"$569,488",90%
1111,P.S. 221 Toussaint L'Ouverture,"$29,656",231,"$162,267",93%
1112,P.S. 222 Katherine R. Snyder,"$26,033",900,"$911,174",90%
1113,P.S. 223 Lyndon B. Johnson,"$24,805",527,"$40,041",99%
1114,P.S. 224 Hale A. Woodruff,"$25,409",370,"$384,437",90%
1115,P.S. 226,"$23,284",444,"$484,883",90%
1116,P.S. 226 Alfred De B.Mason,"$23,197",997,"$1,107,944",90%
1117,P.S. 228 Early Childhood Magnet School of the Arts,"$27,265",265,"$335,606",90%
1118,P.S. 229 Dyker,"$19,203",1209,"$767,116",94%
1119,P.S. 229 Emanuel Kaplan,"$20,727",1443,"$1,452,996",90%
1120,P.S. 230 Doris L. Cohen,"$22,308",1096,"$1,222,486",90%
1121,P.S. 232 Lindenwood,"$20,723",899,$0,101%
1122,P.S. 233 Langston Hughes,"$25,711",387,"$399,835",90%
1123,P.S. 234,"$24,704",449,"$479,175",90%
1124,P.S. 234 Independence School,"$19,559",617,"$573,762",90%
1125,P.S. 235 Janice Marie Knight School,"$19,118",1252,"$695,263",94%
1126,P.S. 236 Langston Hughes,"$28,547",297,"$366,343",90%
1127,P.S. 236 Mill Basin,"$22,252",504,"$445,081",91%
1128,P.S. 238 Anne Sullivan,"$26,550",552,$0,100%
1129,P.S. 239,"$24,867",490,"$589,297",90%
1130,P.S. 241 Emma L. Johnston,"$23,334",448,"$416,579",90%
1131,P.S. 242 - The Young Diplomats Magnet Academy,"$34,862",125,"$160,898",90%
1132,P.S. 242 Leonard P. Stavisky Early Childhood School,"$24,432",363,$0,120%
1133,P.S. 243K- The Weeksville School,"$31,820",181,$0,102%
1134,P.S. 244 Richard R. Green,"$36,755",373,"$398,624",90%
1135,P.S. 245,"$25,562",291,"$318,986",90%
1136,P.S. 246 Poe Center,"$23,838",701,"$832,031",90%
1137,P.S. 247 Brooklyn,"$22,361",857,"$982,296",90%
1138,P.S. 249 The Caton,"$21,372",810,"$832,414",90%
1139,P.S. 250 George H. Lindsay,"$24,404",385,"$385,950",90%
1140,P.S. 251 Paerdegat,"$26,040",433,"$446,738",90%
1141,P.S. 251 Queens,"$24,516",282,$0,107%
1142,P.S. 253,"$25,288",479,"$584,289",90%
1143,P.S. 253,"$25,288",479,"$584,289",90%
1144,P.S. 254 - The Rosa Parks School,"$21,682",589,"$598,253",90%
1145,P.S. 254 Dag Hammarskjold,"$20,735",734,"$748,199",90%
1146,P.S. 255 Barbara Reing School,"$25,051",887,"$914,614",90%
1147,P.S. 256 Benjamin Banneker,"$28,427",198,"$217,447",90%
1148,P.S. 257 John F. Hylan,"$26,319",628,"$728,450",90%
1149,P.S. 261 Philip Livingston,"$20,184",768,"$767,105",90%
1150,P.S. 262 El Hajj Malik El Shabazz Elementary School,"$33,233",127,"$128,348",90%
1151,P.S. 264 Bay Ridge Elementary School for the Arts,"$24,312",453,$0,101%
1152,P.S. 268 Emma Lazarus,"$23,776",317,"$329,424",90%
1153,P.S. 270 Johann Dekalb,"$39,693",88,"$92,005",90%
1154,P.S. 272 Curtis Estabrook,"$30,992",380,$0,100%
1155,P.S. 273,"$24,606",274,$0,101%
1156,P.S. 273 Wortman,"$24,633",328,"$327,158",90%
1157,P.S. 274 Kosciusko,"$26,516",349,"$394,653",90%
1158,P.S. 276 Louis Marshall,"$24,645",544,"$568,479",90%
1159,P.S. 277,"$23,369",420,"$471,439",90%
1160,P.S. 277 Gerritsen Beach,"$24,840",377,"$393,544",90%
1161,"P.S. 279 Captain Manuel Rivera, Jr.","$22,592",1012,"$1,223,578",90%
1162,P.S. 279 Herman Schreiber,"$23,968",371,"$222,862",94%
1163,P.S. 28 - The Thomas Emanuel Early Childhood Center,"$25,893",460,"$577,823",90%
1164,P.S. 280,"$20,894",652,"$16,605",100%
1165,P.S. 282 Park Slope,"$23,923",536,"$172,270",97%
1166,P.S. 287 Bailey K. Ashford,"$29,019",159,"$40,025",98%
1167,P.S. 288 The Shirley Tanyhill,"$23,503",675,"$777,208",90%
1168,P.S. 289 George V. Brower,"$30,009",351,"$382,817",90%
1169,P.S. 290 Juan Morel Campos,"$23,713",519,"$589,607",90%
1170,P.S. 290 Manhattan New School,"$19,839",583,"$537,205",90%
1171,P.S. 291,"$21,911",621,"$665,190",90%
1172,P.S. 295,"$28,860",392,"$486,815",90%
1173,P.S. 297 Abraham Stockton,"$32,305",183,"$190,705",90%
1174,P.S. 298 Dr. Betty Shabazz,"$30,145",208,$0,100%
1175,P.S. 299 Thomas Warren Field,"$27,907",212,"$229,136",90%
1176,P.S. 3 Raul Julia Micro Society,"$25,843",305,$0,107%
1177,P.S. 304 Early Childhood School,"$23,516",470,"$438,581",91%
1178,P.S. 305 Dr. Peter Ray,"$32,277",132,"$146,916",90%
1179,P.S. 306,"$24,552",654,"$714,463",90%
1180,P.S. 306 Ethan Allen,"$33,875",258,$0,100%
1181,P.S. 307 Daniel Hale Williams,"$32,376",334,"$252,885",93%
1182,P.S. 308 Clara Cardwell,"$37,840",200,$0,100%
1183,P.S. 309 The George E. Wibecan Preparatory Academy,"$29,887",199,$0,106%
1184,P.S. 310 Marble Hill,"$22,694",633,"$669,260",90%
1185,P.S. 312 Bergen Beach,"$23,432",678,"$146,802",98%
1186,P.S. 315 Lab School,"$24,279",223,"$237,971",90%
1187,P.S. 316 Elijah Stroud,"$26,094",557,$0,104%
1188,P.S. 319,"$27,418",81,"$93,312",90%
1189,P.S. 321 William Penn,"$18,743",1460,"$1,308,465",90%
1190,P.S. 326,"$29,995",157,"$169,620",90%
1191,P.S. 327 Dr. Rose B. English,"$29,008",268,"$301,435",90%
1192,P.S. 328 Phyllis Wheatley,"$33,508",265,$0,100%
1193,P.S. 329 Surfside,"$25,727",368,"$404,777",90%
1194,P.S. 330,"$23,377",582,"$75,511",99%
1195,P.S. 333 Manhattan School for Children,"$21,252",758,"$734,560",90%
1196,P.S. 335 Granville T. Woods,"$30,769",207,$0,100%
1197,P.S. 340,"$24,963",611,"$711,575",90%
1198,P.S. 345 Patrolman Robert Bolden,"$26,097",465,"$478,648",90%
1199,P.S. 346 Abe Stark,"$27,750",496,"$494,424",90%
1200,P.S. 35 The Clove Valley School,"$21,267",398,"$256,074",93%
1201,P.S. 36,"$95,286",326,N/A,
1202,P.S. 360,"$23,809",437,"$484,750",90%
1203,P.S. 360,"$23,809",437,"$484,750",90%
1204,P.S. 361 East Flatbush Early Childhood School,"$25,833",619,"$255,952",94%
1205,P.S. 368,"$86,073",240,N/A,
1206,P.S. 370,"$79,099",267,N/A,
1207,P.S. 371 - Lillian L. Rashkis,"$69,779",239,N/A,
1208,P.S. 372 -The Children's School,"$75,148",217,N/A,
1209,P.S. 373 - Brooklyn Transition Center,"$54,712",456,N/A,
1210,P.S. 375 Jackie Robinson School,"$31,087",297,"$334,041",90%
1211,P.S. 376,"$21,999",118,$2,100%
1212,P.S. 376,"$21,999",118,$2,100%
1213,P.S. 377,"$38,261",92,$0,100%
1214,P.S. 377 Alejandrina B. De Gautier,"$36,962",144,"$155,025",90%
1215,P.S. 38 Roberto Clemente,"$27,992",205,"$103,769",96%
1216,P.S. 380 John Wayne Elementary,"$29,773",503,"$599,749",90%
1217,P.S. 384,"$26,139",75,$0,100%
1218,P.S. 39 Francis J. Murphy Jr.,"$21,792",548,"$583,080",90%
1219,P.S. 396,"$44,675",272,$0,111%
1220,P.S. 397 Foster-Laurie,"$29,309",170,"$126,795",93%
1221,P.S. 398 Walter Weaver,"$33,602",240,"$234,406",92%
1222,P.S. 399 Stanley Eugene Clark,"$22,197",331,"$339,308",90%
1223,P.S. 452,"$25,475",240,$0,101%
1224,P.S. 5 Port Morris,"$24,926",681,"$774,023",90%
1225,P.S. 503: The School of Discovery,"$25,324",1020,"$1,272,214",90%
1226,P.S. 506: The School of Journalism & Technology,"$23,297",770,"$880,147",90%
1227,P.S. 527 - East Side School for Social Action,"$19,893",427,$0,100%
1228,P.S. 536,"$21,509",395,"$77,863",98%
1229,P.S. 56 The Louis Desario School,"$27,117",511,"$284,938",95%
1230,P.S. 58 - The School of Heroes,"$20,964",975,"$1,034,066",90%
1231,P.S. 583,"$20,665",130,$1,100%
1232,P.S. 595,"$26,364",225,$0,100%
1233,P.S. 6 Corporal Allan F. Kivlehan School,"$33,048",474,"$504,419",90%
1234,P.S. 65 - The Raymond York Elementary School,"$23,141",452,"$486,439",90%
1235,P.S. 65 The Academy of Innovative Learning,"$25,766",381,"$401,823",90%
1236,P.S. 66,"$19,797",774,"$445,468",94%
1237,P.S. 69 Vincent D. Grippo School,"$22,354",739,"$806,497",90%
1238,P.S. 723,"$76,949",449,N/A,
1239,P.S. 74 Future Leaders Elementary School,"$27,823",304,$0,101%
1240,P.S. 748 Brooklyn School for Global Scholars,"$21,841",529,$0,100%
1241,P.S. 75 School of Research and Discovery,"$24,569",546,"$602,849",90%
1242,P.S. 77 Lower Lab School,"$17,681",357,"$279,773",90%
1243,P.S. 770 New American Academy,"$20,703",275,$0,100%
1244,P.S. 78,"$27,052",787,$0,100%
1245,P.S. 8 Shirlee Solomon,"$23,236",564,$0,101%
1246,P.S. 81Q Jean Paul Richter,"$27,296",576,"$684,457",90%
1247,P.S. 889,"$21,230",96,$1,100%
1248,P.S. 89,"$21,073",418,"$394,843",90%
1249,P.S. 896,"$23,063",100,$0,100%
1250,P.S. 9 Ryer Avenue Elementary School,"$23,459",755,"$857,942",90%
1251,P.S. 90 Edna Cohen School,"$25,157",598,"$541,293",92%
1252,P.S. 97 The Highlawn,"$22,830",789,"$468,627",95%
1253,P.S. K004,"$101,960",270,N/A,
1254,P.S. K053,"$73,961",479,N/A,
1255,P.S. K077,"$87,841",286,N/A,
1256,P.S. K134,"$21,879",554,"$592,140",90%
1257,P.S. K140,"$83,027",338,N/A,
1258,P.S. K141,"$87,027",326,N/A,
1259,P.S. K225 - The Eileen E. Zaglin,"$25,297",931,"$1,152,933",90%
1260,P.S. K231,"$89,869",356,N/A,
1261,P.S. K315,"$24,368",648,"$728,314",90%
1262,P.S. K369 - Coy L. Cox School,"$64,078",648,N/A,
1263,P.S. K396,"$104,578",362,N/A,
1264,P.S. K721 - Brooklyn Occupational Training Center,"$67,781",457,N/A,
1265,P.S. K753 - School for Career Development,"$72,942",238,N/A,
1266,P.S. K771,"$93,372",455,N/A,
1267,P.S. K811 Connie Lekas School,"$75,539",339,N/A,
1268,P.S. M079 - Horan School,"$86,966",225,N/A,
1269,P.S. M094,"$85,480",417,N/A,
1270,P.S. M169 - Robert F. Kennedy,"$64,792",397,N/A,
1271,P.S. M226,"$85,686",249,N/A,
1272,P.S. M721 - Manhattan Occupational Training Center,"$87,650",179,N/A,
1273,P.S. M811 - Mickey Mantle School,"$80,829",352,N/A,
1274,P.S. Q004,"$88,296",350,N/A,
1275,P.S. Q016 The Nancy Debenedittis School,"$22,084",1465,"$1,771,369",90%
1276,P.S. Q023 @ Queens Children Center,"$67,594",286,N/A,
1277,P.S. Q086,"$21,895",838,"$938,795",90%
1278,P.S. Q177,"$75,794",511,N/A,
1279,P.S. Q222 - Fire Fighter Christopher A. Santora School,"$23,177",248,$0,103%
1280,P.S. Q224,"$85,569",339,N/A,
1281,P.S. Q233,"$69,201",558,N/A,
1282,P.S. Q255,"$93,431",409,N/A,
1283,P.S. Q256,"$86,481",494,N/A,
1284,P.S. Q811,"$86,488",412,N/A,
1285,P.S. Q993,"$85,802",571,N/A,
1286,P.S. R037,"$103,868",368,N/A,
1287,P.S. R373,"$89,921",521,N/A,
1288,P.S. X010,"$83,354",544,N/A,
1289,P.S. X012 Lewis and Clark School,"$55,356",336,N/A,
1290,P.S. X014 Senator John Calandra,"$21,444",561,"$410,537",93%
1291,P.S. X015 Institute for Environmental Learning,"$22,955",469,"$498,938",90%
1292,P.S. X017,"$80,714",435,N/A,
1293,P.S. X037 - Multiple Intelligence School,"$24,492",612,"$213,131",97%
1294,P.S. X088 - S. Silverstein Little Sparrow School,"$28,045",133,"$142,086",90%
1295,P.S. X114 - Luis Llorens Torres Schools,"$25,093",705,"$819,909",90%
1296,P.S. X140 The Eagle School,"$23,083",603,"$654,881",90%
1297,P.S. X176,"$81,652",535,N/A,
1298,P.S. X188,"$78,098",421,N/A,
1299,P.S. X596,"$83,665",403,N/A,
1300,P.S. X721 - Stephen McSweeney School,"$66,407",509,N/A,
1301,P.S. X811,"$73,978",630,N/A,
1302,P.S./ I.S. 155 Nicholas Herkimer,"$26,357",365,"$418,756",90%
1303,P.S./ IS 178 Holliswood,"$19,688",525,"$388,035",92%
1304,P.S./I.S. 045 Horace E. Greene,"$23,086",593,"$636,252",90%
1305,P.S./I.S. 087 Middle Village,"$24,728",561,"$636,969",90%
1306,P.S./I.S. 104 The Fort Hamilton School,"$19,723",1207,"$1,133,919",91%
1307,P.S./I.S. 113 Anthony J. Pranzo,"$19,779",871,"$871,208",90%
1308,P.S./I.S. 116 William C. Hughley,"$22,064",758,"$853,076",90%
1309,P.S./I.S. 137 Rachel Jean Mitchell,"$28,402",267,$0,104%
1310,P.S./I.S. 157 The Benjamin Franklin Health & Science Academy,"$25,913",424,"$360,826",93%
1311,P.S./I.S. 187 Hudson Cliffs,"$19,606",765,"$758,382",90%
1312,P.S./I.S. 208,"$20,689",691,"$718,914",90%
1313,P.S./I.S. 210 - Twenty-First Century Academy for Community Leadership,"$25,099",387,"$503,212",90%
1314,P.S./I.S. 217 Roosevelt Island,"$20,401",587,"$176,071",97%
1315,P.S./I.S. 218 Rafael Hernandez Dual Language Magnet School,"$21,514",1033,"$1,160,604",90%
1316,P.S./I.S. 224,"$27,585",336,"$470,255",90%
1317,P.S./I.S. 266,"$22,836",622,"$498,580",92%
1318,P.S./I.S. 268,"$20,515",633,"$465,537",93%
1319,P.S./I.S. 295,"$23,868",453,"$140,376",97%
1320,P.S./I.S. 30 Mary White Ovington,"$21,553",1025,"$345,414",97%
1321,P.S./I.S. 323,"$22,207",531,"$536,374",90%
1322,P.S./I.S. 54,"$24,768",419,"$450,395",90%
1323,P.S./I.S. 78Q,"$18,519",686,$0,105%
1324,P.S./M.S 042 R. Vernam,"$27,256",627,$0,100%
1325,P.S./M.S. 004 Crotona Park West,"$24,901",517,$0,108%
1326,P.S./M.S. 029 Melrose School,"$23,555",736,"$833,552",90%
1327,P.S./M.S. 031 The William Lloyd Garrison,"$24,749",637,"$755,686",90%
1328,P.S./M.S. 114 Belle Harbor,"$22,423",629,"$150,186",98%
1329,P.S./M.S. 11X498 - Van Nest Academy,"$23,049",592,"$44,658",99%
1330,P.S./M.S. 138 Sunrise,"$21,951",677,"$710,285",90%
1331,P.S./M.S. 147 Ronald McNair,"$24,210",522,"$543,400",90%
1332,P.S./M.S. 194,"$21,171",1320,"$1,414,235",90%
1333,"P.S./M.S. 20 P.O.George J. Werdann, III","$23,411",1041,"$1,238,598",90%
1334,P.S./M.S. 200 - The Pomonok School & STAR Academy,"$25,060",485,"$172,043",97%
1335,P.S./M.S. 280 Mosholu Parkway,"$22,355",856,"$997,000",90%
1336,P186X Walter J. Damrosch School,"$85,837",627,N/A,
1337,P469X - The Bronx School for Continuous Learners,"$52,524",464,N/A,
1338,Pace High School,"$20,240",565,"$239,563",96%
1339,Pan American International High School,"$24,656",423,$0,100%
1340,Pan American International High School at Monroe,"$22,722",456,"$611,538",90%
1341,Park East High School,"$21,874",401,"$415,894",90%
1342,Park Slope Collegiate,"$21,220",681,"$674,725",91%
1343,Parkside Preparatory Academy,"$23,231",495,"$569,759",90%
1344,Passages Academy,"$96,259",223,N/A,
1345,Pathways College Preparatory School: A College Board School,"$21,154",546,"$590,322",90%
1346,47 The American Sign Language and English Secondary School,"$29,476",199,N/A,
1347,Pathways to Graduation,"$27,140",3528,N/A,
1348,Paula Hedbavny School,"$19,347",560,"$578,222",90%
1349,Pelham Academy of Academics and Community Engagement,"$23,101",333,"$69,594",98%
1350,Pelham Gardens Middle School,"$23,274",441,$0,100%
1351,Pelham Lab High School,"$23,159",487,$0,100%
1352,Pelham Preparatory Academy,"$20,387",472,"$482,339",91%
1353,Performing Arts and Technology High School,"$22,038",415,"$505,208",90%
1354,Pioneer Academy,"$22,684",929,"$641,326",94%
1355,Port Richmond High School,"$23,858",1403,$0,100%
1356,Port Richmond School for Visionary Learning,"$24,338",158,$3,100%
1357,Pre-K Center District 02,"$30,522",0,N/A,
1358,Pre-K Center District 07,"$32,296",0,N/A,
1359,Pre-K Center District 09,"$39,890",0,N/A,
1360,Pre-K Center District 10,"$33,291",0,N/A,
1361,Pre-K Center District 11,"$31,154.06",0,N/A,
1362,Pre-K Center District 13,"$31,818",0,N/A,
1363,Pre-K Center District 15,"$43,733",0,N/A,
1364,Pre-K Center District 20,"$27,140",0,N/A,
1365,Pre-K Center District 21,"$33,905",0,N/A,
1366,Pre-K Center District 22,"$45,532",0,N/A,
1367,Pre-K Center District 24,"$31,995",0,N/A,
1368,Pre-K Center District 25,"$29,366",0,N/A,
1369,Pre-K Center District 27,"$43,649",0,N/A,
1370,Pre-K Center District 28,"$28,697",0,N/A,
1371,Pre-K Center District 29,"$41,769",0,N/A,
1372,Pre-K Center District 30,"$37,804",0,N/A,
1373,Pre-K Center District 31,"$49,848",0,N/A,
1374,Preparatory Academy for Writers: A College Board School,"$19,754",544,"$590,938",90%
1375,Professional Pathways High School,"$24,346",205,$0,100%
1376,Professional Performing Arts High School,"$19,064",548,"$170,614",97%
1377,Professor Juan Bosch Public School,"$31,481",287,"$118,592",96%
1378,Progress High School for Professional Careers,"$23,836",667,"$883,175",90%
1379,Providing Urban Learners Success in Education High School,"$24,248",236,"$331,419",90%
1380,PS 80 The Thurgood Marshall Magnet School of Multimedia and Communication,"$23,904",484,"$413,916",92%
1381,Queens Academy High School,"$22,943",311,"$438,979",90%
1382,Queens Collegiate: A College Board School,"$20,399",668,"$124,369",98%
1383,Queens Explorers Elementary School,"$22,946",346,$3,100%
1384,Queens Gateway to Health Sciences Secondary School,"$19,613",675,$0,101%
1385,"Queens High School for Information, Research, and Technology","$21,720",438,"$449,247",92%
1386,Queens High School for Language Studies,"$19,285",436,$0,100%
1387,Queens High School for the Sciences at York College,"$19,049",473,$0,107%
1388,"Queens High School of Teaching, Liberal Arts and the Sciences","$20,216",1041,"$1,211,115",90%
1389,Queens Metropolitan High School,"$18,906",1077,"$51,179",100%
1390,Queens Preparatory Academy,"$21,101",355,"$412,597",90%
1391,Queens Satellite High School for Opportunity,"$23,033",193,"$248,908",90%
1392,"Queens School of Inquiry, The","$23,903",588,"$564,656",90%
1393,Queens Transition Center,"$70,726",385,N/A,
1394,Queens United Middle School,"$23,443",169,$0,100%
1395,Queens Vocational and Technical High School,"$21,329",1530,"$1,829,457",90%
1396,Quest to Learn,"$23,154",560,$0,100%
1397,Rachel Carson High School for Coastal Studies,"$21,398",606,"$704,685",90%
1398,Ralph A. Fabrizio School,"$22,123",998,"$1,125,704",90%
1399,Ralph R. McKee Career and Technical Education High School,"$24,216",832,"$957,089",91%
1400,Red Hook Neighborhood School,"$27,580",189,"$134,212",94%
1401,Redwood Middle School,"$22,509",299,$0,100%
1402,Renaissance High School for Musical Theater & Technology,"$20,993",469,"$575,294",90%
1403,Renaissance School of the Arts,"$28,425",157,$0,100%
1404,Repertory Company High School for Theatre Arts,"$21,720",232,"$294,610",90%
1405,Research and Service High School,"$25,507",255,$0,100%
1406,Restart Program,"$43,270",442,N/A,
1407,Richard R. Green High School of Teaching,"$21,422",471,"$419,676",92%
1408,Richmond Hill High School,"$24,497",1602,$0,100%
1409,River East Elementary,"$26,662",183,"$136,524",94%
1410,Riverdale / Kingsbridge Academy (Middle School / High School 141),"$19,073",1563,"$678,053",96%
1411,Riverdale Avenue Community School,"$25,935",303,$0,100%
1412,Riverdale Avenue Middle School,"$29,590",118,$0,100%
1413,Robert E. Peary School,"$81,774",537,N/A,
1414,Robert F. Kennedy Community High School,"$20,210",738,"$687,656",92%
1415,"Robert F. Wagner, Jr. Secondary School for Arts and Technology","$19,232",671,"$716,115",90%
1416,Robert H. Goddard High School of Communication Arts and Technology,"$18,826",619,"$668,059",90%
1417,Rockaway Collegiate High School,"$24,577",292,$0,100%
1418,Rockaway Park High School for Environmental Sustainability,"$26,079",283,$0,100%
1419,Ronald Edmonds Learning Center II,"$25,051",182,"$232,183",90%
1420,Samara Community School,"$23,767",206,$0,100%
1421,Satellite Academy High School,"$23,234",254,"$372,733",90%
1422,Satellite East Middle School,"$35,247",96,$0,100%
1423,Scholars' Academy,"$16,650",1375,"$1,250,813",91%
1424,School for Environmental Citizenship,"$23,734",519,"$338,807",94%
1425,School for Excellence,"$25,839",309,"$414,320",90%
1426,School for Global Leaders,"$26,111",337,"$407,795",91%
1427,"School for Human Rights, The","$28,056",347,"$308,080",93%
1428,School for Tourism and Hospitality,"$24,808",316,$0,100%
1429,"School of Math, Science, and Healthy Living","$23,336",338,$0,100%
1430,School of Performing Arts,"$28,545",299,$0,100%
1431,School of Science & Technology,"$25,061",612,"$678,027",90%
1432,School of the Future Brooklyn,"$25,889",204,$0,100%
1433,School of the Future High School,"$20,265",743,"$417,384",95%
1434,Schuylerville Preparatory High School,"$23,105",341,$0,100%
1435,Science and Technology Academy: A Mott Hall School,"$23,190",436,"$219,009",96%
1436,"Science Skills Center High School for Science, Technology and the Creative Arts","$20,140",578,"$264,375",95%
1437,"Science, Technology and Research Early College High School at Erasmus","$19,752",554,"$187,562",97%
1438,Secondary School for Journalism,"$24,873",196,"$234,954",90%
1439,Sheridan Academy for Young Leaders,"$26,188",382,"$256,312",94%
1440,Sixth Avenue Elementary School,"$21,615",270,$3,100%
1441,Soundview Academy for Culture and Scholarship,"$23,102",394,"$55,467",99%
1442,South Bronx Academy for Applied Media,"$29,008",241,"$344,254",90%
1443,South Bronx Preparatory: A College Board School,"$23,927",636,"$818,071",90%
1444,South Brooklyn Community High School,"$26,294",174,"$281,168",90%
1445,South Richmond High School I.S./P.S. 25,"$66,808",577,N/A,
1446,South Shore Educational Complex YABC,"$12,660",204,N/A,
1447,Space Shuttle Columbia School,"$26,672",605,"$660,539",90%
1448,Special Music School,"$20,841",317,"$107,256",96%
1449,Spring Creek Community School,"$21,996",553,$0,100%
1450,Spruce Street School,"$19,781",533,"$75,217",99%
1451,Staten Island School of Civic Leadership,"$23,165",886,"$611,300",94%
1452,Staten Island Technical High School,"$17,516",1335,"$337,326",97%
1453,Staten Island YABC,"$12,766",205,N/A,
1454,STEM Institute of Manhattan,"$33,392",144,$0,108%
1455,Stephen T. Mather Building Arts & Craftsmanship High School,"$25,340",402,$0,100%
1456,Stevenson YABC,"$19,588",92,N/A,
1457,Stuyvesant High School,"$17,052",3298,"$1,083,978",97%
1458,Sunset Park Avenues Elementary School,"$22,124",447,$0,100%
1459,Sunset Park High School,"$21,937",1185,"$720,843",95%
1460,Sunset Park Prep,"$22,373",505,"$638,193",90%
1461,Susan E. Wagner High School,"$20,199",3224,"$3,506,109",90%
1462,TAG Young Scholars,"$16,425",582,"$444,859",91%
1463,Talent Unlimited High School,"$21,037",478,"$635,401",90%
1464,Teachers College Community School,"$20,228",310,"$60,353",98%
1465,Teachers Preparatory High School,"$35,035",162,"$260,537",90%
1466,The 30th Avenue School (G&T Citywide),"$16,556",560,$0,100%
1467,The 47 American Sign Language & English Lower School,"$46,534",163,N/A,
1468,The Academy for Excellence through the Arts,"$22,394",188,"$94,525",94%
1469,The Academy of Talented Scholars,"$35,978",386,$0,101%
1470,The Academy of Urban Planning and Engineering,"$30,452",198,$0,100%
1471,The Active Learning Elementary School,"$20,809",417,"$463,350",90%
1472,The Anderson School,"$16,611",524,"$456,028",90%
1473,The Angelo Patri Middle School,"$28,384",540,$0,100%
1474,The Barbara Esselborn School,"$22,886",760,"$737,089",90%
1475,The Bellaire School,"$21,684",880,"$910,754",90%
1476,The Bilingual Bicultural School,"$26,737",309,"$403,536",90%
1477,The Boerum Hill School for International Studies,"$20,077",694,"$590,910",92%
1478,The Bronx Mathematics Preparatory School,"$31,635",242,$0,100%
1479,The Bronx School of Young Leaders,"$25,885",451,$0,100%
1480,The Bronxwood Preparatory Academy,"$21,469",396,"$502,536",90%
1481,The Brooklyn Academy of Global Finance,"$30,758",111,$0,100%
1482,"The Brooklyn New School, P.S. 146","$24,929",640,"$726,529",90%
1483,The Brooklyn School for Math and Research,"$22,036",281,$0,100%
1484,The Brooklyn School for Social Justice,"$26,522",339,$0,100%
1485,The Children's Lab School,"$22,890",398,$0,100%
1486,The Children's School,"$28,286",227,N/A,
1487,The Children's Workshop School,"$23,439",313,"$83,164",97%
1488,The Christa McAuliffe School\I.S. 187,"$20,075",925,$0,104%
1489,The Cinema School,"$21,195",284,"$89,865",97%
1490,The College Academy,"$23,997",437,"$594,981",90%
1491,The Dr. Emmett W. Bassett School,"$23,140",759,"$812,956",90%
1492,The Eagle Academy for Young Men of Staten Island,"$24,905",282,$0,100%
1493,The East Village Community School,"$22,229",287,$0,101%
1494,The Emerson School,"$23,183",371,$0,100%
1495,The Family School,"$23,460",529,"$222,110",96%
1496,The Fresh Creek School,"$26,625",173,"$45,405",98%
1497,The Global Learning Collaborative,"$22,380",419,"$358,562",92%
1498,The Gordon Parks School,"$19,627",741,"$241,885",97%
1499,"The Gregory Jocko Jackson School of Sports, Art, and Technology","$29,958",267,$0,100%
1500,The Harbor View School,"$23,263",275,$0,100%
1501,"The High School for Enterprise, Business and Technology","$21,545",821,"$998,009",90%
1502,The High School for Global Citizenship,"$25,822",184,"$211,475",90%
1503,The High School for Language and Diplomacy,"$22,416",258,"$219,759",92%
1504,The High School of Fashion Industries,"$20,220",1536,"$1,745,837",90%
1505,The Highbridge Green School,"$25,762",366,$0,100%
1506,The Hunts Point School,"$29,718",320,$0,100%
1507,The James J. Ambrose School,"$19,286",681,"$281,959",96%
1508,The Jermaine L. Green STEM Institute of Queens,"$21,685",563,"$86,186",99%
1509,The Judith S. Kaye High School,"$43,283",75,$0,100%
1510,The Kathleen Grimm School for Leadership and Sustainability,"$23,296",254,$2,100%
1511,The Laboratory School of Finance and Technology: X223,"$21,253",666,"$784,014",90%
1512,The Lexington Academy,"$25,661",539,"$563,095",91%
1513,The Longwood Academy of Discovery,"$24,294",595,"$236,416",96%
1514,"The Marie Curie School for Medicine, Nursing, and Health Professions","$22,290",450,"$554,338",90%
1515,The Math & Science Exploratory School,"$25,945",528,"$557,932",90%
1516,The Matilda Avenue School,"$20,793",169,$0,100%
1517,The Maurice Sendak Community School,"$18,662",304,$0,100%
1518,The Maxine Greene HS for Imaginative Inquiry,"$22,675",352,"$457,669",90%
1519,The Metropolitan Soundview High School,"$24,257",416,"$46,036",99%
1520,The Michael J. Petrides School,"$21,763",1257,"$1,351,436",90%
1521,The Mott Hall School,"$22,545",293,$0,116%
1522,The New American Academy at Roberto Clemente State Park,"$23,117",714,$0,100%
1523,The New School for Leadership and Journalism,"$21,871",773,"$937,582",90%
1524,The Peck Slip School,"$21,277",411,$0,100%
1525,"The Queens College School for Math, Science and Technology","$18,260",482,"$428,926",90%
1526,The Queens School for Leadership and Excellence,"$20,196",393,$0,100%
1527,The Richard H. Hungerford School,"$85,486",500,N/A,
1528,The River School,"$20,500",318,$3,100%
1529,The Riverside School for Makers and Artists,"$24,981",525,"$22,255",100%
1530,The Riverview School,"$65,647",578,N/A,
1531,"The School for Classics: An Academy of Thinkers, Writers and Performers","$23,080",261,"$324,475",90%
1532,The School for Future Leaders,"$23,137",399,$0,100%
1533,The School for Inquiry and Social Justice,"$21,946",532,"$642,881",90%
1534,The School of Integrated Learning,"$24,701",342,$0,100%
1535,The School of Science and Applied Learning,"$25,889",573,"$637,442",90%
1536,The Science and Medicine Middle School,"$23,760",389,"$100,260",98%
1537,The Seeall Academy,"$23,351",1120,"$546,228",96%
1538,The STAR Academy - P.S.63,"$32,215",171,$0,102%
1539,The STEAM Bridge School,"$21,882",240,$0,100%
1540,The Stephanie A. Vierno School,"$23,241",631,"$681,041",90%
1541,The Urban Assembly Bronx Academy of Letters,"$24,549",595,"$803,040",90%
1542,The Urban Assembly School for Collaborative Healthcare,"$23,138",323,$0,100%
1543,The Urban Assembly School for Emergency Management,"$24,031",286,$0,100%
1544,The Urban Assembly School for Global Commerce,"$25,096",232,$0,100%
1545,The Urban Assembly School for Green Careers,"$26,109",305,"$420,316",90%
1546,The Urban Assembly School for Law and Justice,"$20,734",441,"$477,070",90%
1547,The Urban Assembly Unison School,"$28,394",164,$0,100%
1548,The Vida Bogart School for All Children,"$75,612",452,N/A,
1549,The Walton Avenue School,"$24,789",504,$0,100%
1550,The Williamsburg High School of Art and Technology,"$26,427",283,$0,100%
1551,The Windsor Terrace School,"$21,829",499,"$401,725",91%
1552,The Woodside Community School,"$21,607",275,$0,100%
1553,Theatre Arts Production Company School,"$21,877",607,"$713,598",90%
1554,Thomas A. Edison Career and Technical Education High School,"$19,949",2163,"$2,398,289",90%
1555,Thomas C. Giordano Middle School 45,"$22,793",669,"$803,734",90%
1556,Thomas Jefferson YABC,"$12,924",199,N/A,
1557,Thurgood Marshall Academy for Learning and Social Change,"$21,571",527,"$593,604",90%
1558,Thurgood Marshall Academy Lower School,"$23,208",216,"$51,510",97%
1559,Tompkins Square Middle School,"$23,587",365,"$457,102",90%
1560,Tottenville High School,"$19,601",3721,"$3,903,706",90%
1561,Townsend Harris High School,"$17,918",1139,"$839,083",93%
1562,Transit Tech Career and Technical Education High School,"$26,683",622,"$907,749",90%
1563,Union Square Academy for Health Sciences,"$22,090",411,$0,100%
1564,Unity Center for Urban Technologies,"$23,449",245,"$74,323",97%
1565,University Heights Secondary School,"$19,738",514,"$521,777",90%
1566,University Neighborhood High School,"$21,152",515,"$505,679",91%
1567,University Neighborhood Middle School,"$37,499",198,"$166,740",94%
1568,Urban Academy Laboratory High School,"$28,099",153,$0,113%
1569,Urban Action Academy,"$25,059",242,"$288,497",90%
1570,Urban Assembly Academy for Future Leaders,"$30,321",170,"$225,517",90%
1571,"Urban Assembly Academy of Government and Law, The","$21,666",303,"$340,966",90%
1572,Urban Assembly Gateway School for Technology,"$22,232",438,"$111,067",98%
1573,Urban Assembly Institute of Math and Science for Young Women,"$20,223",485,"$549,265",90%
1574,Urban Assembly Maker Academy,"$21,042",410,$0,100%
1575,Urban Assembly New York Harbor School,"$21,542",580,"$387,972",95%
1576,"Urban Assembly School for Applied Math and Science, The","$22,379",608,"$746,139",90%
1577,Urban Assembly School for Criminal Justice,"$20,746",555,"$558,214",91%
1578,"Urban Assembly School for Media Studies, The","$22,965",388,"$434,066",90%
1579,Urban Assembly School for Music and Art,"$25,572",188,"$232,269",90%
1580,Urban Assembly School for the Performing Arts,"$21,225",379,"$449,885",90%
1581,"Urban Assembly School of Business for Young Women, The","$22,264",200,"$220,159",90%
1582,"Urban Assembly School of Design and Construction, The","$22,840",327,"$396,308",90%
1583,Urban Institute of Mathematics,"$23,853",366,$0,100%
1584,Urban Scholars Community School,"$36,389",209,$0,100%
1585,Validus Preparatory Academy,"$23,303",359,"$470,919",90%
1586,Van Siclen Community Middle School,"$24,611",310,$0,100%
1587,Vanguard High School,"$22,414",434,"$510,927",90%
1588,Veritas Academy,"$21,371",568,$0,100%
1589,Victory Collegiate High School,"$24,229",345,"$284,144",94%
1590,Village Academy,"$21,779",405,"$281,891",94%
1591,Vista Academy,"$21,832",466,$0,100%
1592,Voyages Prep - South Queens,"$23,017",269,$4,100%
1593,Voyages Preparatory,"$22,606",205,"$257,295",90%
1594,W. H. Maxwell Career and Technical Education High School,"$32,933",346,"$478,279",90%
1595,Wadleigh Secondary School for the Performing & Visual Arts,"$34,547",278,$0,107%
1596,Walton YABC,"$12,301",195,N/A,
1597,Washington Heights Academy,"$21,270",519,"$348,480",94%
1598,Washington Heights Expeditionary Learning School,"$21,089",805,"$934,495",90%
1599,Washington Irving YABC,"$12,203",223,N/A,
1600,Waterside Children's Studio School,"$23,847",450,"$215,454",95%
1601,Waterside School for Leadership,"$23,615",231,"$266,447",91%
1602,Wave Preparatory Elementary School,"$21,874",479,$0,100%
1603,West Bronx Academy for the Future,"$23,973",585,"$716,485",90%
1604,West Brooklyn Community High School,"$24,836",213,"$148,861",95%
1605,West End Secondary School,"$18,914",399,$0,100%
1606,West Prep Academy,"$25,495",190,$0,105%
1607,Westchester Square Academy,"$21,428",594,$0,100%
1608,William Cullen Bryant High School,"$20,564",2351,"$2,564,791",90%
1609,William E. Grady Career and Technical Education High School,"$33,557",395,"$583,158",90%
1610,Williamsburg High School for Architecture and Design,"$21,906",565,"$673,002",90%
1611,Williamsburg Preparatory School,"$19,971",669,"$751,438",90%
1612,Wings Academy,"$22,414",480,"$603,173",90%
1613,Women's Academy of Excellence,"$24,451",252,"$314,568",90%
1614,World Academy for Total Community Health High School,"$23,880",262,"$312,384",90%
1615,World Journalism Preparatory: A College Board School,"$20,175",565,"$578,912",90%
1616,World View High School,"$22,492",534,$0,100%
1617,York Early College Academy,"$17,455",675,"$635,579",90%
1618,Yorkville Community School,"$21,970",455,"$82,546",98%
1619,Yorkville East Middle School,"$23,617",219,$0,100%
1620,Young Leaders Elementary School,"$30,357",216,"$284,968",90%
1621,Young Voices Academy of the Bronx,"$21,175",391,$0,100%
1622,Young Women's Leadership School,"$19,523",473,"$476,607",90%
1623,Young Women's Leadership School of Brooklyn,"$21,029",425,"$249,241",95%
1624,Young Women's Leadership School of the Bronx,"$20,733",547,$0,100%
1625,"Young Women's Leadership School, Astoria","$18,107",564,"$571,345",90%
1626,"Young Women's Leadership School, Queens","$18,466",565,"$372,509",93%
